64,184,17,50,209,3,157,73,113,88,155,33,116,6,91,163,118,128,29,143,25,79,220,95,165,Class_Type,[Factor_0]
-4.74E-01,-4.28E-01,0.561876693,-9.29E-01,-7.18E-01,-3.85E-01,0.448729843,-1.02E-01,-4.45E-01,-2.94E-01,-4.29E-01,-5.94E-01,0.051286853,0.193259232,-3.15E-01,-1.87E-01,0.3515782,-3.86E-01,-5.83E-01,0.817290421,-8.09E-01,0.772610443,0.139827583,0.180452331,0.145607262,Healthy Control,Cluster 2
-7.60E-01,-7.28E-01,-6.83E-01,-5.93E-01,-7.99E-01,-6.70E-01,-7.83E-01,-5.58E-01,-5.06E-01,-7.93E-01,-6.26E-01,-3.23E-01,-6.74E-01,0.169246381,-5.60E-01,-7.58E-01,-3.92E-01,-3.31E-01,-4.77E-01,0.63039666,-6.77E-01,-6.77E-01,-7.76E-01,-6.76E-01,-7.72E-01,Healthy Control,Cluster 2
-6.93E-01,-8.70E-01,-7.57E-01,-6.21E-01,-7.66E-01,-7.27E-01,-7.78E-01,-6.48E-01,-5.14E-01,-8.40E-01,-3.69E-01,-3.18E-01,-8.06E-01,-7.22E-01,-5.44E-01,-7.49E-01,-8.11E-01,-4.53E-01,-6.84E-01,0.016038143,-6.24E-01,-3.66E-01,-7.29E-01,-5.50E-01,-5.31E-01,Healthy Control,Cluster 2
-3.72E-01,-8.03E-01,-7.61E-01,-3.44E-01,-7.86E-01,-6.55E-01,-9.52E-01,-7.55E-01,-7.98E-01,-8.37E-01,-6.32E-01,-1.29E-01,-5.35E-01,-8.15E-01,-6.78E-01,-7.08E-01,-3.75E-02,-5.24E-01,-4.76E-01,0.198254991,0.124701073,2.4211546,0.112016745,-9.04E-01,-4.19E-01,Healthy Control,Cluster 2
-3.68E-01,-3.29E-01,-5.78E-01,-6.11E-01,-5.86E-01,-8.81E-01,-4.08E-01,-6.66E-01,-6.31E-01,-8.24E-01,-5.10E-01,-4.05E-01,-7.55E-01,-4.93E-01,-8.69E-01,-9.34E-01,-5.39E-01,-4.90E-01,-7.22E-01,-5.93E-01,-6.48E-01,0.124799669,-8.21E-01,-5.60E-01,-5.22E-01,Healthy Control,Cluster 2
-4.77E-01,-4.63E-01,-3.31E-01,-4.62E-01,-3.54E-01,-5.90E-01,-5.60E-01,-6.02E-01,-4.64E-01,-7.47E-01,-5.85E-01,-3.58E-01,-7.31E-01,-4.69E-01,-7.97E-01,-6.67E-01,-2.04E-01,-4.94E-01,-5.53E-01,-4.02E-01,-6.48E-01,0.015684921,-7.80E-01,-5.49E-01,-4.01E-01,Healthy Control,Cluster 2
-1.32E-01,-2.69E-01,-6.64E-01,-6.13E-01,-4.04E-01,-6.21E-01,-7.69E-01,-6.40E-01,-4.41E-01,5.173108697,1.040151737,-6.52E-01,-7.48E-01,0.937431924,2.894877685,-3.94E-01,-4.60E-01,-6.22E-01,-1.68E-01,-4.41E-01,-2.80E-01,-3.00E-01,0.005450626,0.310777407,3.071362374,Healthy Control,Cluster 2
-5.97E-01,-7.71E-01,-6.92E-01,-7.46E-01,-6.14E-01,0.015818268,-7.70E-01,-5.38E-01,-4.95E-01,-6.36E-01,-4.09E-01,-3.25E-01,-6.72E-01,0.21373275,-6.44E-01,-5.45E-01,-6.14E-01,-4.90E-01,-5.34E-01,-4.09E-01,-8.00E-01,-7.94E-01,-5.91E-01,-6.24E-01,-6.27E-01,Healthy Control,Cluster 2
-4.63E-01,-6.53E-01,-7.68E-01,-7.53E-01,-7.61E-01,-7.48E-01,-7.49E-01,-5.48E-01,-4.00E-01,-8.54E-01,-6.20E-01,-4.48E-01,-6.15E-01,-8.31E-01,-6.93E-01,-8.53E-01,-3.08E-02,-4.93E-01,-5.92E-01,-7.41E-01,-8.34E-01,-3.33E-01,-7.05E-01,-4.78E-01,-6.20E-01,Healthy Control,Cluster 2
-5.97E-01,-6.46E-01,-4.95E-01,-5.52E-01,-7.04E-01,-7.04E-01,-8.32E-01,-6.79E-01,-4.64E-01,-2.10E-01,-6.82E-01,-4.64E-01,-6.86E-01,-8.25E-01,-6.14E-01,-5.87E-01,0.283856025,-4.64E-01,-5.13E-01,-5.35E-01,-8.16E-01,0.447125492,-7.56E-01,-7.07E-01,-6.75E-01,Healthy Control,Cluster 2
-3.73E-01,-7.71E-01,-7.91E-01,-6.87E-01,-7.76E-01,-6.64E-01,-8.58E-01,-5.78E-01,-5.44E-01,-3.76E-01,-7.99E-01,-4.39E-01,-7.20E-01,-8.74E-01,-7.32E-01,-8.02E-01,-1.90E-01,-5.11E-01,-6.68E-01,-8.09E-01,-8.95E-01,-8.28E-02,-8.25E-01,-5.21E-01,-8.07E-01,Healthy Control,Cluster 2
-6.37E-01,-7.45E-01,-9.24E-01,-3.91E-01,-7.47E-01,-8.25E-01,-6.89E-01,-4.48E-01,-5.59E-01,-8.73E-01,-6.81E-01,-2.76E-01,-9.81E-01,-7.21E-01,-7.69E-01,-3.46E-01,0.65102389,-5.33E-01,-6.23E-01,-6.75E-01,-7.78E-01,0.44760403,-9.66E-01,-9.20E-01,-8.27E-01,Healthy Control,Cluster 2
0.298373175,-2.15E-01,0.048295717,-6.76E-01,0.197052388,-2.42E-01,-5.18E-01,-8.52E-01,-7.71E-01,-4.87E-01,-5.99E-01,-3.29E-01,-2.92E-01,3.588005904,-7.41E-01,-9.12E-01,1.662289969,-4.80E-01,-5.07E-01,-8.57E-01,-7.02E-01,0.588312085,-8.79E-01,0.055264824,-7.89E-01,Healthy Control,Cluster 2
-8.34E-01,-5.94E-01,-7.56E-01,-7.37E-01,-8.34E-01,-7.54E-01,-7.15E-01,-4.40E-01,-7.61E-01,-8.33E-01,-3.79E-01,-3.19E-01,-9.12E-01,-7.19E-01,-6.52E-01,-8.29E-01,-4.03E-01,-4.30E-01,-6.73E-01,-2.84E-01,-8.48E-01,-6.34E-01,-7.31E-01,-7.36E-01,-6.46E-01,Healthy Control,Cluster 2
-7.19E-01,-6.93E-01,-6.17E-01,-5.76E-01,-7.88E-01,0.289358144,-8.14E-01,-6.99E-01,-3.14E-01,-2.82E-01,-6.72E-01,-3.17E-01,-6.71E-01,-2.39E-01,-7.63E-01,-8.61E-01,-6.36E-01,-4.24E-01,-4.44E-01,-7.23E-01,-7.78E-01,-3.68E-01,-1.90E-01,-7.83E-01,-6.38E-01,Healthy Control,Cluster 2
2.161629799,1.548460149,-2.96E-02,-6.92E-01,1.769081448,1.7331024,0.864813562,-6.24E-01,-8.15E-01,0.066146838,-8.08E-01,-7.37E-01,1.141950505,1.445651606,-1.91E-01,-7.85E-01,3.181960294,-4.72E-01,-7.78E-01,-3.69E-01,2.443170124,-2.99E-01,0.540290084,3.710055542,-2.08E-01,Healthy Control,Cluster 2
-1.65E-01,-1.38E-01,-2.77E-01,-4.45E-01,1.964569595,-9.07E-01,-5.60E-01,-8.38E-01,-2.25E-01,1.85720967,-7.64E-01,-3.14E-01,0.445195923,-2.52E-02,-9.46E-01,-6.41E-01,0.760532382,-4.32E-01,-6.90E-01,-8.16E-01,2.47831819,0.183712922,-4.05E-01,0.198645802,-8.17E-02,Healthy Control,Cluster 2
1.253875975,1.281791167,0.531569062,-9.94E-02,0.171960819,-1.89E-01,2.456810424,-4.23E-01,0.004364456,-1.86E-01,-8.63E-01,-8.82E-01,0.479112887,1.024480094,0.211442456,4.194561731,0.161666635,-8.34E-01,-7.58E-01,-4.83E-01,1.474348573,0.153235458,0.453137052,2.185603489,1.491308339,Healthy Control,Cluster 1
-5.52E-02,-7.24E-02,-3.27E-01,-8.17E-01,-5.58E-01,-9.64E-01,-1.27E-01,-7.57E-01,-7.61E-01,-5.30E-01,-6.71E-01,-5.69E-01,-7.24E-02,-9.04E-01,-8.85E-01,-5.89E-01,2.838593935,-4.87E-01,-6.83E-01,-3.25E-01,-5.93E-01,0.701294171,-7.52E-01,-9.75E-01,-8.51E-01,Healthy Control,Cluster 2
-2.12E-01,-1.84E-01,-3.35E-01,-5.85E-01,-7.55E-01,-7.58E-01,-2.52E-01,-5.47E-01,-6.94E-01,-8.07E-01,-5.55E-01,-4.44E-01,-9.75E-01,-8.68E-01,-8.66E-01,-5.49E-01,0.626720551,-4.72E-01,-6.89E-01,-5.66E-01,-5.03E-01,0.637389849,-9.06E-01,-8.84E-01,-7.49E-01,Healthy Control,Cluster 2
-1.71E-01,-1.94E-01,-5.41E-01,-4.83E-01,-5.13E-01,-8.26E-01,-2.22E-02,-4.37E-01,-7.15E-01,-8.16E-01,-6.38E-01,-3.64E-01,-8.27E-01,-8.00E-01,-6.99E-01,-4.89E-01,0.028312081,-4.44E-01,-6.00E-01,-6.59E-01,-5.82E-01,0.139182913,-8.82E-01,-8.99E-01,-6.85E-01,Healthy Control,Cluster 2
1.296070684,1.593451839,1.178096253,-6.40E-01,-7.62E-01,-6.84E-01,-2.04E-01,-8.30E-01,-5.24E-01,-4.33E-01,-6.54E-01,-2.91E-01,-6.45E-01,-9.90E-01,-6.30E-01,-9.45E-01,-6.05E-01,-9.20E-01,-9.04E-01,-5.01E-01,-3.00E-01,0.651934421,-8.64E-01,-7.07E-02,-8.33E-02,Healthy Control,Cluster 2
-7.83E-01,0.505353189,-4.72E-01,0.475549174,-3.41E-01,1.569230823,0.102861451,0.381866387,1.17644758,-3.08E-01,-6.90E-01,-6.92E-01,1.512260048,0.355857049,0.913865166,0.951090042,-2.76E-01,-3.89E-01,-5.34E-01,-6.54E-01,-5.79E-01,-8.07E-01,3.123572476,0.184845444,-3.77E-03,Healthy Control,Cluster 2
0.062452518,0.130379593,0.752140365,-4.19E-01,-6.73E-01,-7.94E-01,0.156552323,-4.54E-01,-7.49E-01,-2.31E-01,-7.04E-01,-6.22E-01,-2.47E-01,0.805206652,-8.06E-01,-5.88E-01,-9.70E-02,-7.07E-01,-7.42E-01,-3.92E-01,0.316399797,-7.37E-02,-8.07E-01,0.233262176,-5.01E-01,Healthy Control,Cluster 2
-8.01E-01,-7.86E-01,-7.65E-01,-6.53E-01,-8.79E-01,-6.25E-01,-8.15E-01,-4.89E-01,-5.51E-01,-8.90E-02,-4.68E-01,-3.59E-01,-8.18E-01,-8.83E-01,-5.71E-01,-6.80E-01,-7.46E-01,-3.52E-01,-5.27E-01,-7.25E-01,-8.52E-01,-4.19E-01,-7.69E-01,-6.35E-01,-6.83E-01,Healthy Control,Cluster 2
-4.65E-01,-6.33E-01,-8.81E-01,-6.46E-01,-8.22E-01,-7.28E-01,-3.84E-01,-7.09E-01,-5.28E-01,-7.58E-01,-7.39E-01,-3.72E-01,-8.33E-01,-5.86E-01,-7.81E-01,-5.84E-01,-5.45E-01,-4.82E-01,-6.95E-01,-8.13E-01,-9.63E-01,-7.00E-02,-7.59E-01,-6.32E-01,-7.76E-01,Healthy Control,Cluster 2
-2.09E-01,-4.81E-01,-8.12E-01,-5.63E-01,-6.68E-01,-5.22E-01,-6.03E-01,-6.12E-01,-4.89E-01,-8.85E-01,-6.12E-01,-3.56E-01,-8.89E-01,-7.70E-01,-7.70E-01,-4.98E-01,-1.18E-01,-5.18E-01,-6.51E-01,-8.68E-01,-8.37E-01,0.039838798,-7.99E-01,-8.50E-01,-7.33E-01,Healthy Control,Cluster 2
-5.51E-01,-4.60E-01,0.940172113,-9.13E-01,-6.03E-01,-6.78E-01,0.420167362,-4.70E-02,-5.10E-01,-2.00E-01,-3.96E-01,-4.85E-01,0.082468274,-5.26E-02,-5.29E-01,-1.79E-01,0.112583632,-2.71E-01,-6.31E-01,0.662803094,-8.99E-01,0.549244117,0.281181219,-2.48E-01,0.265366398,Healthy Control,Cluster 2
-3.74E-01,-3.44E-01,0.458129339,-6.66E-01,-5.45E-01,-4.35E-01,0.101946876,-5.51E-02,-4.21E-01,-3.89E-01,-4.13E-01,-3.87E-01,-1.33E-01,0.218852223,-3.52E-01,-2.13E-01,0.255750092,-2.35E-01,-4.14E-01,0.571731795,-7.62E-01,0.111689099,0.15160281,-2.91E-01,0.134567272,Healthy Control,Cluster 2
-2.64E-01,-3.63E-01,0.736304014,-8.38E-01,-6.29E-01,-2.99E-01,0.167240118,-5.19E-02,-4.26E-01,-3.96E-01,-4.36E-01,-2.30E-01,-3.12E-02,0.174416892,-4.16E-01,-1.87E-01,0.467611655,-2.76E-01,-5.63E-01,0.97972876,-7.44E-01,0.392067798,0.280063947,-1.15E-01,0.163533932,Healthy Control,Cluster 2
-3.68E-01,-4.18E-01,0.579140244,-7.49E-01,-6.40E-01,-6.08E-01,0.173606999,-8.85E-02,-2.70E-01,-1.93E-01,-3.42E-01,-3.74E-01,0.086168218,0.060302966,-2.77E-01,-1.52E-01,0.397791215,-2.39E-01,-5.14E-01,0.985105216,-6.80E-01,0.478639579,0.445695243,0.079527382,0.160834795,Healthy Control,Cluster 2
0.648649915,-2.78E-01,-5.03E-01,0.284497737,-4.71E-01,-2.77E-01,-5.08E-01,0.484724502,1.481775015,2.370391383,2.644954328,1.396739171,-2.75E-01,2.061287388,-8.49E-01,-6.72E-02,0.772948934,0.059819449,1.801764328,0.127887247,-3.45E-01,-6.44E-01,-2.64E-01,0.002394563,-2.25E-01,Healthy Control,Cluster 1
1.036139159,-5.18E-01,-6.02E-01,0.347499137,-3.83E-01,-5.89E-01,0.644385305,0.548493963,0.879053495,1.551028341,0.842791114,1.532226819,-4.28E-01,1.779000382,-8.23E-01,0.050808941,0.630506253,0.084498087,2.595969874,-4.71E-01,0.098046047,-5.86E-01,-2.42E-01,-2.74E-01,-3.57E-01,Healthy Control,Cluster 1
0.934385257,-6.41E-01,-3.21E-01,0.178691851,-4.06E-01,-5.14E-01,-5.35E-01,0.380779581,0.795091868,1.477062963,0.671563231,0.475776824,-3.46E-01,1.878847741,-7.76E-01,-1.40E-02,1.158103877,0.161920807,4.217967658,-3.12E-02,1.543345506,-5.70E-01,-4.58E-01,0.034004414,-2.84E-01,Healthy Control,Cluster 1
0.233837561,-4.15E-01,-5.35E-01,0.386585418,-4.06E-01,-3.99E-01,-6.25E-01,0.449442479,1.183839812,0.684164318,0.199997697,0.486793901,-6.37E-01,0.715990275,-4.72E-01,-3.36E-01,1.164328579,-6.99E-03,1.259340066,-4.05E-01,-2.27E-01,-2.74E-01,-4.30E-01,-1.20E-01,-1.75E-01,Healthy Control,Cluster 1
0.666467609,-5.29E-01,-4.53E-01,0.219640478,-3.56E-01,0.417509005,-4.91E-01,0.417762709,1.052943395,0.376852827,1.572222589,0.473874848,-3.71E-01,4.287228231,-7.17E-01,-1.41E-01,2.339165527,-2.47E-01,0.659418033,0.026248176,1.640830813,-6.65E-01,-2.55E-01,-2.68E-02,-1.68E-01,Healthy Control,Cluster 1
1.001948629,-5.59E-01,0.053403171,0.436494928,-2.63E-01,-2.07E-01,-3.37E-01,0.488103358,1.847969782,0.742836817,-7.49E-02,1.154690267,-4.90E-01,0.331528211,-7.80E-01,-1.73E-01,1.411983993,-7.74E-02,0.971481616,0.001070546,-1.25E-02,-5.64E-01,-2.82E-01,-3.41E-01,-1.90E-01,Healthy Control,Cluster 1
-3.82E-01,-3.81E-01,0.878791021,-7.46E-01,-6.32E-01,-3.29E-01,0.29809589,-5.76E-02,-3.79E-01,-1.51E-01,-4.11E-01,-4.16E-01,0.045727133,-2.52E-02,-4.24E-01,-2.34E-01,0.432643503,-2.67E-01,-5.46E-01,1.308458657,-6.98E-01,0.130551716,0.350918386,-2.79E-02,0.184735918,Healthy Control,Cluster 2
0.472883923,0.663914832,0.703155776,-4.79E-01,-9.21E-01,-7.01E-01,1.150299112,-8.30E-02,-5.13E-01,3.259431467,0.900466161,0.25503696,-3.28E-01,-2.82E-01,-6.61E-01,-2.96E-02,0.363059304,2.653846051,-3.91E-01,0.652332152,-4.10E-01,-3.01E-01,3.72897717,0.000791434,-3.18E-01,Healthy Control,Cluster 1
0.471739086,0.615569023,3.713330833,-9.79E-02,-8.01E-01,-2.24E-01,-1.31E-02,-3.08E-02,-5.95E-01,1.442349815,0.115356861,0.198813837,-7.64E-02,-7.21E-02,-4.80E-01,-7.31E-02,0.349674328,3.796337325,-1.64E-01,0.591582949,-2.26E-01,-6.79E-01,-5.10E-01,-2.42E-01,-2.27E-01,Healthy Control,Cluster 1
-7.29E-01,-6.29E-01,-6.06E-01,-6.13E-01,-8.17E-01,-7.00E-01,-8.19E-01,-7.01E-01,-4.55E-01,-7.69E-01,-6.92E-01,-3.49E-01,-6.12E-01,-6.51E-01,-6.36E-01,-6.41E-01,-8.21E-01,-3.61E-01,-5.70E-01,-7.25E-01,-8.56E-01,0.138089373,-6.72E-01,-7.74E-01,-6.52E-01,Healthy Control,Cluster 2
-3.20E-01,-4.83E-01,-6.06E-01,-7.23E-01,-7.95E-01,-5.78E-01,-7.76E-01,-4.86E-01,-5.20E-01,-7.39E-01,-6.01E-01,-3.42E-01,-8.13E-01,-6.66E-01,-7.86E-01,-4.62E-01,0.135331286,-5.14E-01,-6.54E-01,-9.20E-01,-7.56E-01,-3.58E-01,-6.58E-01,-6.12E-01,-6.30E-01,Healthy Control,Cluster 2
-7.67E-01,-7.42E-01,-7.68E-01,-7.13E-01,-8.05E-01,-7.78E-01,-7.32E-01,-5.46E-01,-8.34E-01,-7.20E-01,-5.42E-01,-3.26E-01,-6.71E-01,-7.81E-01,-5.40E-01,-8.09E-01,2.483007859,-3.99E-01,-6.32E-01,-7.33E-01,-7.66E-01,-4.09E-01,-7.40E-01,-8.80E-01,-9.02E-01,Healthy Control,Cluster 2
-7.19E-01,-8.60E-01,-9.56E-01,-6.88E-01,-8.48E-01,-9.09E-01,-8.97E-01,-5.61E-01,-9.52E-01,-7.05E-01,-4.85E-01,-3.35E-01,-9.30E-01,0.516974015,-8.93E-01,-8.83E-01,-8.04E-01,-4.87E-01,-5.59E-01,-5.93E-01,-6.99E-01,-4.85E-01,-8.57E-01,-7.48E-01,-7.51E-01,Healthy Control,Cluster 2
1.194602969,0.61131702,0.496602492,0.497923994,-2.84E-01,-1.03E+00,1.52909122,-1.76E-02,-5.70E-01,1.555633738,0.513546023,-1.90E-01,-5.30E-01,-8.48E-01,-1.06E+00,0.051055962,1.108867651,0.969245668,0.402347378,0.593849072,-7.52E-01,-4.30E-01,0.715069796,-4.48E-01,-2.76E-01,Healthy Control,Cluster 1
1.560398477,1.037248466,1.198200277,-3.80E-02,-7.95E-01,-3.67E-01,0.051223894,-1.45E-01,-3.94E-01,1.576702748,0.070745141,0.521202918,-5.31E-02,-3.26E-03,-4.43E-01,-7.35E-02,0.555309558,4.232983656,-1.57E-01,0.928343587,-3.78E-01,-7.58E-01,0.187689445,0.623404274,-2.70E-01,Healthy Control,Cluster 1
1.188184576,1.103222781,0.990741832,0.587529264,-7.91E-01,-4.75E-01,0.629268383,-4.22E-02,-5.49E-01,0.876733539,1.003769325,1.149882988,-7.05E-02,-7.64E-02,0.312399624,-1.84E-02,-4.45E-02,0.720831467,-5.65E-01,1.247981172,-3.57E-01,-5.91E-01,1.178412279,0.641703136,-6.86E-02,Healthy Control,Cluster 1
0.784164841,1.637005229,0.72359882,0.050539692,-5.63E-01,-9.12E-01,0.289688714,-7.39E-03,-6.05E-01,1.52567631,-6.12E-02,-8.02E-02,-3.43E-01,-1.79E-01,-4.14E-01,-5.51E-02,0.717074918,1.117949874,-9.78E-02,0.154252135,-2.22E-01,-5.68E-01,0.096272607,1.091599495,-2.01E-01,Healthy Control,Cluster 1
0.500493242,-3.81E-01,0.732415798,-6.68E-01,-3.16E-01,0.140603167,-5.61E-01,-7.15E-01,-4.02E-01,-3.15E-01,-8.64E-01,-3.09E-01,-4.77E-01,-6.77E-01,-7.39E-01,-8.13E-01,0.705429676,-4.74E-01,-3.91E-01,-4.44E-01,-6.93E-01,-2.84E-01,-3.25E-01,-3.89E-01,-5.88E-01,Healthy Control,Cluster 2
0.020058152,-3.15E-01,-5.02E-01,-9.20E-01,-8.88E-01,-7.44E-01,0.044135726,-6.18E-01,-4.99E-01,-7.52E-01,-6.97E-01,-4.09E-01,-7.92E-02,-2.96E-01,-6.83E-01,-1.50E-01,0.27484165,-4.70E-01,-8.24E-01,-4.76E-01,-8.85E-01,-5.10E-01,-8.20E-01,-9.62E-01,-7.95E-01,Healthy Control,Cluster 2
1.082260686,-7.13E-01,-2.77E-01,0.336866914,-4.08E-01,-4.71E-01,-5.69E-01,0.426859117,4.426497685,6.54127451,0.501199906,3.201113515,-3.72E-01,2.040747146,-7.79E-01,-1.53E-02,1.031765897,0.284301461,0.917817199,0.203440952,0.334126778,-5.77E-01,-3.12E-01,-1.81E-01,-3.60E-01,Not Healthy or Treatment Control,Cluster 1
1.288754323,-4.94E-01,-3.25E-01,0.539380051,-4.46E-01,0.767406146,-7.18E-01,0.640529534,1.268352289,0.557634207,1.215758843,0.835793894,-2.61E-01,4.163574441,-5.55E-01,-2.39E-01,2.578299858,-2.35E-01,1.651142853,0.101241636,0.533082189,-5.52E-01,-1.37E-01,-3.61E-01,-1.35E-02,Not Healthy or Treatment Control,Cluster 1
0.155262054,-8.60E-01,-5.78E-01,0.220472786,-5.05E-01,-3.06E-01,-4.99E-01,0.654392183,2.277705145,3.367913568,2.485036547,0.07850101,-4.03E-01,1.61766214,-5.34E-01,-1.13E-01,0.551657316,0.319106952,4.356236768,-2.11E-01,0.344945365,-7.68E-01,-1.65E-01,-2.98E-01,-2.51E-01,Not Healthy or Treatment Control,Cluster 1
1.194343743,-3.60E-01,-4.91E-01,0.546652416,-4.44E-01,0.003548677,-7.12E-01,0.575809424,1.905915614,0.49182459,2.094182448,0.433110369,-6.03E-01,2.090919996,-8.18E-01,-3.38E-01,1.446292857,0.176601255,1.740898841,-3.25E-02,0.064388891,-3.80E-01,-3.14E-01,-2.74E-01,-1.44E-01,Not Healthy or Treatment Control,Cluster 1
2.620496422,-5.03E-01,-4.58E-01,0.379609816,-3.62E-01,2.026796235,-4.03E-01,0.515394533,1.698910116,1.233990082,0.60617856,0.643452347,-1.83E-01,3.267621318,-8.17E-01,-1.91E-01,2.081983086,-2.41E-01,2.013254768,-5.16E-02,1.56736313,-5.95E-01,-1.85E-01,-5.50E-02,-1.10E-01,Not Healthy or Treatment Control,Cluster 1
0.652691624,-6.21E-01,-1.14E-01,0.63096243,-3.53E-01,-2.80E-01,-4.98E-01,0.705818464,3.070121808,0.712697473,0.038741876,1.287210719,-3.00E-01,0.8989843,-8.01E-01,-3.05E-01,2.103212562,-4.48E-01,1.46667409,0.253698578,-6.76E-02,-2.82E-02,-1.23E-01,-1.50E-01,-1.03E-01,Not Healthy or Treatment Control,Cluster 1
1.019250582,-5.22E-01,-2.32E-01,0.354075865,-3.63E-01,-3.52E-01,-6.05E-01,0.420639769,2.410486059,0.385666671,0.668011699,0.062983813,-6.49E-01,0.284059388,-9.91E-02,-4.24E-01,1.11284525,-1.44E-01,0.865382768,-2.85E-01,-2.59E-01,-6.09E-01,-3.18E-01,-1.34E-01,-2.02E-01,Not Healthy or Treatment Control,Cluster 1
0.930868234,-4.53E-01,-4.98E-01,0.436977296,-3.26E-01,-8.29E-02,-5.64E-01,0.545720848,2.600674281,1.00338736,1.243457799,0.131674894,-6.76E-01,1.083378507,-8.62E-01,-4.29E-01,2.040262827,-3.10E-02,1.300736696,-1.53E-01,-1.85E-01,-6.74E-01,-2.25E-01,-1.38E-01,-1.74E-01,Not Healthy or Treatment Control,Cluster 1
0.270004804,-5.49E-01,-3.50E-01,0.389437278,-5.82E-01,-3.39E-01,-5.96E-01,0.403363065,2.347973924,0.716521651,-1.51E-03,-6.33E-02,-6.26E-01,-2.76E-02,-3.61E-01,-3.40E-01,1.470379703,0.227368409,1.107646684,-2.58E-01,-7.83E-02,-4.29E-01,-1.41E-01,-1.71E-01,-1.36E-01,Not Healthy or Treatment Control,Cluster 1
1.214306473,-5.80E-01,-1.09E-01,0.537738212,-5.73E-01,-8.66E-02,-2.40E-01,0.612262845,2.338773767,0.979555178,0.997550165,0.053995742,-3.08E-01,4.4560098,-4.25E-01,-2.08E-01,3.265964675,0.068631555,1.825820523,-1.24E-01,0.795349327,-8.36E-01,-3.60E-01,0.049381997,-1.01E-01,Not Healthy or Treatment Control,Cluster 1
1.28860359,-6.98E-01,-3.26E-01,0.518802014,-4.91E-01,-5.95E-01,-3.33E-01,0.59622795,2.348445135,0.500599489,0.056089122,1.039643669,-5.00E-01,2.348594096,-8.03E-01,-2.42E-01,3.179537632,-2.67E-01,3.468103974,0.046637729,-1.09E-01,-5.42E-01,-1.30E-01,0.153285536,-1.13E-01,Not Healthy or Treatment Control,Cluster 1
0.623195917,-7.09E-01,-4.49E-01,0.401614856,-4.94E-01,-4.66E-01,-7.44E-01,0.606656319,1.19440884,2.057346823,0.299281145,1.784058092,-1.04E-01,0.660551815,-8.87E-01,-1.97E-01,2.155537251,0.418619125,2.908505731,0.088145423,-3.06E-01,-5.39E-01,-3.06E-01,-2.66E-01,-2.21E-01,Not Healthy or Treatment Control,Cluster 1
1.596880164,-7.25E-01,-4.24E-01,0.162473157,-4.05E-01,-7.15E-02,-2.44E-01,0.350692922,1.307632829,0.565537258,5.57679596,0.432309102,-3.80E-01,1.90377206,-6.83E-01,-2.59E-01,2.027272234,-1.12E-01,0.718092301,-1.30E-01,0.870448186,-6.81E-01,-3.28E-01,-5.08E-04,-2.32E-01,Not Healthy or Treatment Control,Cluster 1
1.12235775,-7.79E-01,-3.17E-01,0.386657915,-3.24E-01,-5.77E-01,-3.69E-01,0.452992908,1.836763498,0.613182064,-2.17E-01,-1.42E-01,-3.98E-01,1.066861707,-8.33E-01,-1.19E-01,2.85441678,-7.17E-02,1.227415785,-7.53E-02,0.229307332,-1.95E-01,-3.40E-01,-2.63E-03,-1.69E-01,Not Healthy or Treatment Control,Cluster 1
1.826084895,2.191913268,0.363900145,-3.77E-01,0.746648698,1.938730854,0.943465704,0.399108273,-1.10E-01,0.485837174,2.246691621,4.545226312,0.058305755,0.943465704,0.695981631,-4.80E-02,1.163008375,3.361732028,0.85994001,1.320569519,0.977998839,2.239626235,0.515566763,-1.18E-01,0.19088388,Not Healthy or Treatment Control,Cluster 1
1.675676289,1.197025943,0.909728055,-1.35E-01,0.192771107,-1.89E-02,1.564928521,0.267605691,0.110655772,0.680142345,0.619520337,1.77510517,-3.94E-03,3.171470136,0.868430545,0.091415873,4.163308848,1.590929714,-1.49E-02,2.438878267,-9.12E-02,1.190115717,0.227572016,0.743357191,0.064556131,Not Healthy or Treatment Control,Cluster 1
1.244119661,-5.06E-01,-1.38E-01,0.496129625,-3.15E-01,-4.94E-01,-5.30E-01,0.530766744,2.410199225,0.372474312,-2.71E-01,0.106407184,-4.90E-01,0.661990979,-5.61E-01,-2.74E-01,1.532187418,-3.83E-01,1.535396643,-4.11E-02,-9.87E-02,-6.28E-01,-1.58E-01,-5.27E-02,-1.26E-01,Not Healthy or Treatment Control,Cluster 1
0.407666402,-6.34E-01,-3.38E-01,0.403124158,-4.20E-01,-2.80E-01,-9.37E-01,0.640537293,1.489031883,1.917283282,1.11954689,0.731722594,-3.12E-01,2.406281513,-6.21E-01,-4.53E-03,0.997195422,0.003636043,4.123222101,-1.42E-01,0.83312603,-6.37E-01,-5.11E-01,-2.01E-01,-2.83E-01,Not Healthy or Treatment Control,Cluster 1
0.607399986,-5.28E-01,-3.69E-01,0.348167181,-3.55E-01,-3.26E-01,-1.83E-01,0.588397204,2.30987073,1.605073205,0.70421284,1.055604577,-1.73E-01,1.404733941,-5.70E-01,-2.94E-02,1.037971356,-8.96E-03,4.171729742,-2.55E-01,1.740959627,-8.55E-01,-2.90E-01,-4.62E-02,-3.12E-01,Not Healthy or Treatment Control,Cluster 1
0.425985814,-4.48E-01,-3.01E-01,0.377795176,-4.67E-01,-2.56E-01,-5.44E-01,0.600856677,2.720762524,1.204522118,1.380605602,3.264052723,-2.03E-01,0.913519181,-8.08E-01,-1.92E-01,0.77309818,0.138904651,2.37966016,-4.41E-02,-4.32E-01,-6.41E-01,-1.67E-01,-5.67E-03,-2.20E-01,Not Healthy or Treatment Control,Cluster 1
1.366171631,2.480394475,2.076129662,-2.79E-01,0.894877528,0.146174864,0.96007095,0.295426261,-1.57E-01,1.072339987,0.88961751,2.763238703,0.126732197,5.567429283,0.160947106,-1.68E-01,6.41170118,2.015932736,-1.49E-01,3.172193476,0.444058765,2.227992625,0.715469611,0.921826486,0.084951346,Not Healthy or Treatment Control,Cluster 1
-1.89E+00,0.280363442,-1.53E-01,-7.43E-01,-1.91E-01,0.197461261,-2.32E+00,-1.93E+00,3.956541059,-6.42E-01,-1.80E+00,-2.49E-02,-1.44E+00,-7.14E-03,1.083750062,0.737469609,0.620883179,-1.95E+00,-6.58E-01,-1.98E+00,-1.53E-01,1.22050519,-6.09E-02,-3.82E-01,1.891587708,Not Healthy or Treatment Control,Cluster 2
-1.23E+00,1.538393241,0.866400397,2.523792258,-4.58E-01,-2.73E-01,-1.06E+00,-7.34E-01,3.883706529,1.531714291,-6.25E-01,0.250145791,0.298316309,0.174103086,-1.25E+00,0.071344407,-2.96E-01,-1.21E+00,-3.98E-01,0.432425338,-6.66E-01,3.463430413,-4.46E-01,-1.10E+00,1.275491932,Not Healthy or Treatment Control,Cluster 1
0.275551034,1.416968837,-1.31E-01,0.369638925,-5.70E-01,-7.59E-02,0.626167306,-9.44E-01,3.546785804,-5.70E-01,-6.13E-01,-1.77E-01,0.060813779,0.040389008,0.558444976,1.46302116,0.429999188,-1.41E+00,-4.08E-01,-6.21E-01,-6.87E-01,3.743547412,-3.69E-01,-6.72E-01,1.695115747,Not Healthy or Treatment Control,Cluster 1
-1.89E-01,1.726729027,1.736645233,3.130484631,-5.45E-01,-2.18E-01,0.730598143,0.127260692,3.620530206,-7.71E-01,-7.39E-01,-1.83E-01,0.272927154,-5.17E-01,-7.73E-01,0.928957805,-9.65E-02,-1.02E+00,-3.56E-01,0.037498127,-7.71E-01,4.019473354,-3.17E-01,-7.24E-01,-5.17E-01,Not Healthy or Treatment Control,Cluster 1
-1.53E+00,2.320025353,-1.36E-01,2.550569833,-1.98E-01,-1.36E-01,-8.03E-01,-1.24E+00,3.898013067,0.721893627,-4.14E-01,-1.47E+00,0.041534078,0.055670051,1.553355878,0.192123473,-4.10E-01,-1.10E+00,2.50091453,-1.70E-01,-4.14E-01,4.942515605,-2.30E-01,-3.80E-01,-1.98E-01,Not Healthy or Treatment Control,Cluster 1
-7.79E-01,2.337791664,0.832917197,2.941037838,-3.10E-01,0.025506168,-9.49E-01,-7.57E-01,5.527325893,-1.55E-01,-3.27E-01,0.29143974,-4.99E-02,0.098520118,1.049389277,-3.54E-01,-4.22E-01,-6.98E-01,-1.60E-01,-4.79E-01,-4.34E-01,4.92194589,-4.99E-02,-3.98E-01,-8.44E-01,Not Healthy or Treatment Control,Cluster 1
-3.72E-01,-3.98E-01,0.641624486,-7.76E-01,-6.42E-01,-5.98E-01,0.185052741,-5.92E-03,-4.98E-01,-3.02E-01,-5.47E-01,-4.22E-01,-8.43E-02,0.176491981,-3.32E-01,-2.45E-01,0.403412173,-2.41E-01,-3.58E-01,0.777470417,-8.14E-01,0.287095145,0.133746405,-9.85E-02,0.084030104,Not Healthy or Treatment Control,Cluster 2
-4.80E-01,-3.78E-01,0.724143072,-6.90E-01,-6.10E-01,-5.20E-01,0.198493936,0.024969848,-5.45E-01,-4.67E-01,-4.54E-01,-3.24E-01,-1.01E-01,0.192445032,-3.33E-01,-2.63E-01,0.534283756,-3.24E-01,-3.73E-01,0.711950416,-8.80E-01,0.179488427,0.28726756,-6.00E-04,0.155083927,Not Healthy or Treatment Control,Cluster 2
-4.33E-01,-4.28E-01,0.740228695,-6.46E-01,-6.49E-01,-5.23E-01,0.661421449,-3.51E-03,-4.29E-01,-1.77E-01,-4.80E-01,-6.46E-01,-1.35E-01,0.122763263,-3.77E-01,-2.52E-01,0.338866992,-1.91E-01,-4.82E-01,1.128800588,-7.21E-01,0.759113046,0.205127348,0.087088767,0.194147841,Not Healthy or Treatment Control,Cluster 2
-4.18E-01,-4.41E-01,0.504055413,-7.88E-01,-5.19E-01,-6.11E-01,0.431231425,-3.35E-02,-4.33E-01,-3.37E-01,-4.38E-01,-5.27E-01,-2.00E-01,0.080210233,-3.53E-01,-2.08E-01,0.322965293,-2.54E-01,-4.52E-01,0.604437455,-6.57E-01,0.344847814,0.362141036,-2.18E-02,0.137881219,Not Healthy or Treatment Control,Cluster 2
-4.60E-01,-3.92E-01,0.671699867,-7.41E-01,-6.53E-01,-6.62E-01,0.22613038,-4.84E-02,-4.65E-01,-2.61E-01,-3.39E-01,-4.06E-01,-1.35E-02,0.367784219,-3.55E-01,-1.90E-01,0.445073779,-1.82E-01,-4.60E-01,0.70332474,-7.92E-01,0.691384389,0.308010641,-3.94E-02,0.194155663,Not Healthy or Treatment Control,Cluster 2
0.878010634,-6.51E-01,-4.89E-01,0.319850493,-4.40E-01,-2.17E-01,-5.66E-01,0.665789801,2.812291082,4.172447796,2.522820454,0.217825322,-5.31E-01,1.197921297,-7.93E-01,-7.50E-02,0.704971452,0.943868595,4.764491357,0.109419427,-4.23E-01,-6.85E-01,-4.72E-01,-3.61E-01,-3.61E-01,Not Healthy or Treatment Control,Cluster 1
1.131616299,-8.31E-01,-6.36E-01,0.282398392,-2.64E-01,-3.96E-01,-1.05E-01,0.555985259,1.944640589,3.016540789,2.040436218,5.250870388,-5.17E-01,1.496743137,-8.57E-01,-1.11E-01,1.463143943,0.220358694,1.829048288,-1.88E-01,-4.38E-01,-6.40E-01,-4.07E-01,-1.33E-01,-3.75E-01,Not Healthy or Treatment Control,Cluster 1
-2.55E-03,-7.98E-01,-2.41E-01,0.366780114,-3.91E-01,-4.97E-02,-2.20E-01,0.40762227,1.220820609,1.428897774,0.804252203,2.53058471,-1.03E-01,0.707758022,-8.11E-01,-2.20E-01,1.134522289,-3.69E-02,2.548406114,-3.43E-02,-2.88E-01,-7.23E-01,-2.69E-01,-2.92E-01,-2.18E-01,Not Healthy or Treatment Control,Cluster 1
2.915633655,-7.19E-01,-5.24E-01,0.276098979,-3.85E-01,-5.20E-01,-7.71E-01,0.552898157,2.545659863,1.512261806,1.596034992,0.701021174,-5.85E-01,3.030905849,-7.64E-01,-2.45E-02,1.646873465,-6.99E-02,2.075385871,-4.16E-01,-2.66E-01,-3.97E-01,-4.21E-01,-2.08E-01,-3.41E-01,Not Healthy or Treatment Control,Cluster 1
1.052765468,-9.38E-01,-5.56E-01,0.400272902,-3.79E-01,-6.22E-01,-6.32E-01,0.620849509,1.481585998,2.855550007,1.179509752,1.109939439,-2.50E-01,2.30283199,-9.65E-01,0.086719213,1.122992402,0.339593843,2.504696393,-7.71E-02,2.062228571,-7.43E-01,-4.68E-01,-1.17E-01,-2.16E-01,Not Healthy or Treatment Control,Cluster 1
1.371971056,-6.81E-01,-3.01E-01,0.387652799,-4.69E-01,-3.36E-01,-5.20E-01,0.377857229,1.709076178,3.677379913,0.271740811,1.093220271,-3.71E-01,3.618636298,-4.49E-01,0.020060986,1.234224328,0.630720353,7.941750456,-2.17E-01,0.6518553,-6.74E-01,-2.25E-01,-2.94E-02,-2.50E-01,Not Healthy or Treatment Control,Cluster 1
-4.76E-01,-4.63E-01,0.512061931,-6.52E-01,-6.45E-01,-7.49E-01,0.39509393,-6.34E-02,-3.75E-01,0.032627542,-4.10E-01,-4.26E-01,0.066001261,0.009698611,-3.69E-01,-2.43E-01,0.490485022,-2.38E-01,-5.60E-01,0.656222804,-7.40E-01,0.431952672,0.497981854,0.228272093,0.133731812,Not Healthy or Treatment Control,Cluster 2
-3.98E-01,-3.73E-01,1.570251267,1.453335925,-4.34E-01,1.261345471,0.632465293,1.546665679,-3.58E-01,0.527733772,0.142662705,1.408466864,-2.51E-02,1.628306237,-2.19E-02,0.403049493,-4.11E-01,0.509492236,3.539049499,-3.68E-01,-7.82E-01,-7.17E-01,-1.76E-01,0.4335165,0.759311708,Not Healthy or Treatment Control,Cluster 1
1.289520377,3.337250149,0.778791254,0.130059255,0.885076905,-2.03E-01,2.107811481,0.254721712,0.184149173,2.288745241,0.809639591,1.289520377,0.134764494,3.447967662,0.687049646,0.023953653,3.907789583,5.811572489,-1.70E-02,2.34508139,4.671443497,2.636783604,0.828031595,0.114465842,0.034856136,Not Healthy or Treatment Control,Cluster 1
1.07172287,1.111167162,1.077506274,-2.17E-01,0.307178187,-2.41E-02,1.224132874,-5.43E-01,-6.87E-01,-1.30E-01,-8.59E-01,-6.84E-01,0.087050464,0.131442313,-3.50E-01,0.828646864,0.276120182,-6.97E-01,0.35211724,-3.04E-01,1.878069948,-1.66E-01,1.230751655,1.614171366,0.393447981,Not Healthy or Treatment Control,Cluster 1
0.160430802,-3.92E-01,0.141527407,-5.63E-01,0.079570696,2.109926439,-3.22E-01,-6.63E-01,-6.94E-01,3.033560599,-8.70E-01,-3.73E-01,2.138258494,-3.29E-01,-9.60E-01,-8.26E-02,-5.41E-01,-5.04E-01,-9.88E-01,-2.23E-01,0.391736637,1.696727346,0.720707621,-4.02E-01,-8.63E-01,Not Healthy or Treatment Control,Cluster 2
-6.36E-01,-1.67E-01,-2.93E-02,1.404538208,1.006965735,0.934484264,-8.18E-01,0.731379043,0.485543618,0.110193095,0.468225826,-5.99E-01,-2.21E-01,-5.33E-01,0.359277279,2.465847027,-6.04E-01,3.913453969,0.386212117,-3.86E-01,-3.97E-01,0.171829125,1.919247415,-3.86E-01,0.232817265,Not Healthy or Treatment Control,Cluster 1
-8.67E-01,-3.13E-01,0.369814048,0.951383706,0.814625669,-7.15E-03,0.079116007,-1.82E-01,0.420976169,1.313839733,-4.32E-02,-3.68E-01,1.204756451,-4.70E-01,0.912439118,0.924172946,-7.20E-01,1.114382738,1.2706474,-4.04E-01,-2.14E-01,-7.15E-01,1.985380735,-1.30E-01,0.524459015,Not Healthy or Treatment Control,Cluster 1
0.314266996,0.156337686,0.248297694,-5.66E-01,0.445691767,0.618288345,-2.75E-01,-1.78E-01,7.553807155,-9.08E-02,-2.31E-01,-5.66E-01,0.963957056,1.1715748,0.560474928,1.864378811,1.272127649,-6.29E-01,-5.63E-01,-4.15E-01,-2.96E-01,-7.51E-01,0.600149409,0.323295798,1.364046533,Not Healthy or Treatment Control,Cluster 1
0.265160117,0.659527839,1.976946465,-7.78E-01,-7.56E-01,-6.84E-01,1.910065354,-7.70E-01,-5.91E-01,2.350734244,-7.09E-01,-4.48E-01,-9.22E-01,0.032561184,0.030114939,-5.03E-01,-9.62E-01,-9.54E-01,-4.00E-01,-4.12E-01,0.046705095,-5.55E-02,-6.40E-01,3.453918007,-4.85E-01,Not Healthy or Treatment Control,Cluster 2
0.626744651,-1.95E-01,-2.11E-01,-9.77E-01,1.037209643,0.594430099,0.339410868,0.360746119,1.397237048,2.048867724,0.799468355,-7.72E-01,0.457811176,0.96476795,2.399421633,0.164099986,-8.67E-01,1.76363696,-3.41E-02,-1.96E-01,-1.97E-01,-5.60E-01,1.936685596,0.108207614,1.314029171,Not Healthy or Treatment Control,Cluster 1
0.12407394,-1.13E-01,0.789458467,-8.42E-01,0.556277421,-8.36E-01,0.942252135,-4.25E-01,-7.15E-01,1.196239291,0.312324858,-9.01E-01,0.414886297,0.064399942,1.038409818,0.928176889,-7.19E-01,-4.97E-01,0.785262225,-2.95E-01,1.53267895,-2.25E-01,1.575070354,-2.34E-02,1.309507203,Not Healthy or Treatment Control,Cluster 1
2.748775712,-2.28E-02,0.125558804,-5.30E-01,1.458488395,1.463765602,0.963287444,0.541072546,0.159145296,0.477049597,-2.40E-01,-7.40E-01,1.088345691,0.353532121,4.661752904,0.124727671,2.433206013,-6.84E-01,-3.84E-01,-1.56E-01,-6.61E-01,-8.55E-01,3.312665076,1.304655253,1.58457604,Not Healthy or Treatment Control,Cluster 1
-5.80E-01,-4.47E-01,-1.46E-01,-6.67E-01,-8.31E-01,-6.44E-01,1.077417266,-7.07E-01,-5.13E-01,-7.11E-01,-8.86E-01,-4.00E-01,-3.83E-01,0.33586369,-9.45E-01,-2.83E-01,-2.24E-01,-3.80E-01,-4.56E-01,-4.53E-01,-4.82E-01,1.15901462,-2.41E-01,-8.60E-01,-7.41E-01,Not Healthy or Treatment Control,Cluster 2
2.971864517,2.578710432,0.763071699,-5.23E-01,1.636690931,-2.58E-01,0.459080083,-7.59E-01,-7.79E-01,-7.19E-01,-4.63E-01,-7.01E-01,0.813905889,0.224838159,0.587305604,-6.01E-01,-5.07E-01,-7.60E-01,-5.94E-01,-1.34E-01,-1.25E-01,0.119733866,2.339504926,1.826685038,-5.18E-01,Not Healthy or Treatment Control,Cluster 2
-3.68E-01,-1.37E-01,4.194819697,1.127751428,-4.85E-01,-5.43E-01,1.540292328,1.915425615,0.788766177,0.909891756,0.023877453,-6.15E-01,0.221058558,-4.23E-01,0.287535479,-1.69E-01,-9.93E-02,0.4181173,4.351797841,-5.38E-01,-8.79E-01,-7.09E-01,-7.98E-01,1.434332881,0.568495956,Not Healthy or Treatment Control,Cluster 1
-3.13E-01,-4.45E-01,2.147750122,1.499427585,0.195230124,5.104634355,2.906693724,0.597434619,1.594599935,1.200561279,0.474800617,-1.01E-01,0.646650074,1.185237482,0.587511298,1.718250425,-7.32E-01,-4.29E-02,1.146590647,-3.79E-01,0.095156187,-5.69E-01,0.203366825,-4.62E-01,0.316079469,Not Healthy or Treatment Control,Cluster 1
0.401827888,0.010832191,1.011940901,-8.99E-01,0.066322996,-9.95E-01,-9.55E-01,-6.48E-01,-7.60E-01,-9.73E-01,-7.50E-01,-6.89E-01,-2.48E-01,0.142546852,0.069787913,-5.14E-01,2.189496475,-6.09E-01,-8.47E-01,-3.02E-01,-1.32E-01,3.358271381,1.843018045,-2.44E-01,-3.34E-01,Not Healthy or Treatment Control,Cluster 2
-1.45E-01,1.201807661,-9.00E-02,1.684314855,-5.87E-01,-6.94E-01,3.492389826,-1.50E-01,1.498725936,1.995134875,-8.13E-01,-7.91E-01,1.645286826,-6.25E-01,2.12291262,0.772186128,0.834498153,-4.33E-01,-2.50E-01,-7.79E-01,-1.10E-01,-8.49E-01,-4.73E-01,-9.61E-03,1.867808646,Not Healthy or Treatment Control,Cluster 1
-8.02E-01,-6.41E-01,-7.67E-01,-4.65E-01,-9.18E-01,-2.05E-01,-6.71E-01,-5.43E-01,-5.48E-01,-9.42E-01,-6.65E-01,-4.69E-01,-6.77E-01,-4.46E-01,-5.73E-01,-6.82E-01,-8.55E-01,-4.11E-01,-4.65E-01,-6.20E-01,-6.91E-01,0.499420701,-7.15E-01,-8.19E-01,-6.01E-01,Not Healthy or Treatment Control,Cluster 2
0.037446085,0.38161047,0.706346867,-5.07E-01,1.004770018,-2.45E-01,0.933784949,0.089648118,-2.46E-01,0.237756915,0.363299041,-9.11E-01,0.028301645,1.781539816,2.497975972,1.008707011,-4.62E-01,-9.04E-01,-7.69E-01,-1.49E-01,0.515010296,-7.54E-01,0.972559616,1.209817638,2.841549162,Not Healthy or Treatment Control,Cluster 1
-5.63E-01,-4.82E-01,0.384601472,0.548843736,-1.28E-01,-1.65E-02,0.417140727,0.773589602,2.984221552,3.810090552,2.54594155,-7.78E-02,3.95805224,-4.27E-01,-5.91E-01,1.875782452,-6.36E-01,1.248699815,1.284319795,-4.05E-01,-5.54E-01,-4.44E-01,-4.68E-01,-6.19E-01,0.015429743,Not Healthy or Treatment Control,Cluster 1
-4.17E-01,-6.67E-01,-7.45E-01,-8.45E-01,-6.82E-01,-8.28E-01,-6.79E-01,-5.39E-01,-5.35E-01,-5.22E-01,-6.24E-01,-4.01E-01,-8.07E-01,-6.06E-01,-6.17E-01,-9.07E-01,-8.44E-01,-3.26E-01,-7.38E-01,-8.68E-01,-8.66E-01,-3.40E-02,-4.12E-01,-5.95E-01,-6.68E-01,Not Healthy or Treatment Control,Cluster 2
0.331902834,0.278259699,1.538325268,-6.02E-01,-3.71E-01,-6.95E-01,0.178548161,-5.64E-01,-6.31E-01,-4.82E-01,-7.43E-01,-2.83E-01,-6.68E-01,-5.81E-01,-8.84E-01,-7.02E-01,-2.40E-01,-4.18E-01,-6.64E-01,-5.43E-01,1.976978821,0.670762044,-8.80E-01,0.119440048,-9.01E-02,Not Healthy or Treatment Control,Cluster 2
-1.68E-01,-2.20E-01,0.910213309,1.158843262,-2.74E-01,3.182394794,-7.71E-01,0.302649111,0.694281195,5.912770827,0.349181432,0.058686395,0.222436719,1.204530191,1.247811006,-9.85E-02,0.074956332,-4.13E-01,3.323735079,-2.75E-01,-8.57E-02,-7.25E-01,0.390798691,0.244441597,0.393797892,Not Healthy or Treatment Control,Cluster 1
-4.14E-01,-5.18E-01,-2.50E-01,-6.84E-01,-5.11E-01,0.63470199,-2.00E-01,-7.75E-01,-6.98E-01,-7.96E-01,-8.41E-01,-1.94E-01,-6.71E-01,-6.95E-01,-8.94E-01,-6.30E-01,-2.20E-01,-8.73E-01,-6.07E-01,-3.25E-01,-4.00E-01,1.302243618,0.365774117,-5.51E-01,-4.04E-01,Not Healthy or Treatment Control,Cluster 2
0.154829749,-2.06E-01,1.246325553,-8.07E-01,1.107124429,0.180466126,0.019901226,-7.77E-01,-8.12E-01,0.722998881,-8.70E-01,-3.18E-01,0.012458752,-2.32E-01,-9.35E-01,0.589606083,1.001430555,-7.42E-01,-6.04E-01,-2.33E-01,1.080594647,-2.97E-01,0.548521318,0.316773771,-8.50E-01,Not Healthy or Treatment Control,Cluster 2
-7.88E-01,-6.36E-01,-5.97E-01,-7.72E-01,-7.60E-01,0.407417942,-6.55E-01,-4.67E-01,-5.38E-01,-7.41E-01,-8.26E-01,-2.99E-01,-7.03E-01,-8.58E-01,-7.89E-01,-8.16E-01,-2.68E-01,-3.28E-01,-4.78E-01,-5.22E-01,-3.46E-01,-7.67E-01,-2.49E-01,-6.52E-01,-6.98E-01,Not Healthy or Treatment Control,Cluster 2
-3.61E-01,-5.71E-01,0.896731619,0.050805491,2.003599189,1.471933011,-6.81E-01,-7.59E-02,-3.05E-01,0.064204916,-3.73E-01,-7.65E-01,1.18541434,0.508747465,-7.84E-02,1.867831368,0.170862811,-4.98E-01,0.984078673,-3.89E-01,0.580124053,-3.70E-01,-2.57E-01,-4.30E-01,0.808258706,Not Healthy or Treatment Control,Cluster 1
1.399524977,-2.08E-01,-3.02E-01,-4.67E-01,1.156546425,-4.65E-01,0.422020541,-5.17E-01,-7.71E-01,-3.43E-01,-8.37E-01,-8.52E-01,2.049902441,-8.16E-01,1.083842479,0.946309818,0.138843927,-7.51E-01,2.464183467,-3.61E-01,0.414524545,1.736951343,-6.60E-01,0.011639064,1.910706083,Not Healthy or Treatment Control,Cluster 2
0.50162407,0.455880216,0.392446737,0.269619518,-8.54E-01,0.662419927,0.556907733,-6.20E-01,0.196224129,1.861379129,-1.63E-01,-3.65E-01,-5.40E-01,-2.54E-01,0.428686301,0.524075778,-6.54E-02,-5.29E-01,-9.97E-02,-7.21E-01,0.009729199,0.496298507,-1.43E-01,-1.72E-01,0.73755635,Not Healthy or Treatment Control,Cluster 1
-2.13E-02,0.539845037,0.500485879,-7.23E-01,2.092997877,-2.62E-01,0.091143,-2.55E-02,0.806652575,-2.93E-01,-4.68E-01,-5.53E-01,-7.76E-02,-8.52E-01,2.948426026,0.819150954,-5.20E-01,-4.82E-01,0.944453711,-5.63E-01,-3.92E-01,0.089106742,1.972802089,0.088586044,0.877527595,Not Healthy or Treatment Control,Cluster 2
1.087200406,-2.49E-01,0.606292064,-7.85E-01,2.568923021,-4.39E-01,-3.22E-01,-7.74E-01,-6.03E-01,0.718867437,-7.09E-01,-4.65E-01,0.099511418,-7.64E-01,-5.55E-01,0.272110841,1.069916342,-5.99E-01,0.825560561,-3.25E-01,0.529820969,0.309147173,0.110547041,0.113715602,-1.48E-01,Not Healthy or Treatment Control,Cluster 2
0.497824804,-2.21E-02,0.823914695,-8.33E-01,-5.51E-01,0.381552643,0.393687698,-7.46E-01,-6.00E-01,-5.34E-01,-7.81E-01,-3.36E-01,-5.33E-01,1.521719899,-4.15E-01,-5.10E-01,-1.83E-02,-4.43E-01,-7.03E-01,-4.55E-01,-3.27E-01,0.771382055,-8.07E-02,-5.24E-02,-7.57E-01,Not Healthy or Treatment Control,Cluster 2
1.832629484,0.966054952,1.132140319,-7.44E-01,2.341394401,0.271703302,4.311964666,-6.35E-01,-5.96E-01,-4.99E-01,0.156959065,-6.44E-01,0.574891355,-8.69E-01,1.454334818,0.320131114,1.692695893,-3.99E-01,-8.32E-01,-1.15E-01,0.123835444,-8.40E-01,0.592186388,0.863318607,-3.59E-01,Not Healthy or Treatment Control,Cluster 1
1.266149185,1.452499115,1.437067273,-5.02E-01,1.286492981,1.218632447,0.507215504,-8.18E-01,0.939350179,1.477512818,-9.79E-01,-8.60E-01,2.489834392,-4.65E-01,-5.09E-01,0.350773552,-1.73E-01,-3.89E-01,-7.58E-01,-2.75E-01,0.202707826,5.821869794,1.567583187,2.155204435,0.745051263,Not Healthy or Treatment Control,Cluster 1
-1.65E-01,-3.45E-02,-1.04E-01,-5.73E-01,-8.14E-01,-7.63E-01,-7.44E-01,-5.38E-01,-5.99E-01,-6.16E-01,-8.46E-01,-5.01E-01,-6.72E-01,-4.73E-01,-9.11E-01,-7.50E-01,0.970631578,-4.93E-01,-6.12E-01,-3.27E-01,-8.59E-01,0.652493213,-9.02E-03,-7.61E-01,-6.50E-01,Not Healthy or Treatment Control,Cluster 2
2.182738215,1.575571668,2.307977549,-6.02E-01,0.392359533,0.249988301,0.169354059,-7.93E-01,-7.04E-01,0.235621803,-8.26E-01,-4.89E-01,-1.26E-01,-8.61E-01,0.01581636,-7.87E-01,0.508596788,-5.59E-01,-6.95E-01,-2.78E-01,0.412529254,-7.45E-02,-3.79E-01,-2.08E-01,-6.70E-01,Not Healthy or Treatment Control,Cluster 2
2.692630445,2.613597549,0.573209873,-4.26E-01,0.673665148,0.827576453,2.657405594,-7.68E-01,-1.19E-01,-4.65E-02,-5.39E-01,-6.49E-01,1.046514354,1.218919372,-1.88E-01,1.889500289,1.635581555,-8.37E-01,-9.60E-01,-3.53E-01,-2.28E-01,-8.97E-01,0.888651582,3.2782856,3.246319301,Not Healthy or Treatment Control,Cluster 1
-5.02E-01,-2.00E-01,-2.53E-01,-6.84E-01,-7.98E-01,-7.07E-01,-6.62E-01,-5.02E-01,-5.64E-01,-9.23E-01,-8.10E-01,-5.39E-01,-5.56E-01,-8.24E-01,-8.63E-01,-7.31E-01,0.625687239,-4.08E-01,-5.49E-01,-4.55E-01,-6.54E-01,2.331050886,-9.05E-01,-8.28E-01,-6.36E-01,Not Healthy or Treatment Control,Cluster 2
0.048991606,-9.17E-03,0.085756936,-9.68E-01,-9.51E-01,-7.31E-01,-6.32E-01,-6.90E-01,-7.73E-01,-8.79E-01,-8.82E-01,-2.64E-01,-7.90E-01,-6.10E-01,-9.89E-01,-5.90E-01,-2.13E-01,-4.94E-01,-7.44E-01,-7.74E-01,-6.27E-01,0.865990126,-7.75E-01,-6.95E-01,-6.74E-01,Not Healthy or Treatment Control,Cluster 2
-5.01E-01,-2.82E-01,-1.32E-01,-7.32E-01,-5.00E-01,-5.24E-01,2.73799874,-4.84E-01,-8.32E-01,-8.46E-01,-7.14E-01,-3.61E-01,-8.17E-01,-5.11E-01,-7.22E-01,-5.56E-01,2.126826333,-4.64E-01,-6.59E-01,-3.79E-01,-3.65E-01,1.20846157,-7.69E-01,-7.29E-01,-7.94E-01,Not Healthy or Treatment Control,Cluster 2
-3.57E-01,-6.27E-01,-5.14E-01,-5.56E-01,-8.35E-01,0.222892943,-4.00E-01,-6.18E-01,-7.44E-01,-8.61E-01,-8.54E-01,-5.76E-01,0.178907176,-2.45E-01,-7.49E-01,-5.46E-01,-5.46E-03,-5.20E-01,-6.74E-01,-4.87E-01,-4.17E-01,-3.41E-01,-3.65E-01,-5.85E-01,-7.94E-01,Not Healthy or Treatment Control,Cluster 2
-5.38E-01,-3.30E-01,-5.35E-01,-9.64E-01,-8.81E-01,-8.41E-01,1.325499213,-5.50E-01,-4.96E-01,-5.90E-01,-8.72E-01,-4.54E-01,-4.60E-01,0.506889353,-7.21E-01,-8.35E-01,-5.18E-01,-4.56E-01,-6.54E-01,-5.86E-01,-7.07E-01,0.095911634,-9.46E-01,-9.60E-01,-7.70E-01,Not Healthy or Treatment Control,Cluster 2
-5.57E-01,-8.15E-01,-7.49E-01,-7.14E-01,-8.87E-01,-7.36E-01,-6.83E-01,-6.00E-01,-4.78E-01,-5.93E-01,-6.74E-01,-3.63E-01,-6.68E-01,-8.53E-01,-6.43E-01,-7.50E-01,1.165626816,-4.01E-01,-6.58E-01,-7.72E-01,-8.55E-01,-4.89E-01,-8.36E-01,-4.57E-01,-7.02E-01,Not Healthy or Treatment Control,Cluster 2
1.1110712,2.303704412,0.5832857,-7.98E-01,-1.92E-01,0.354167693,-1.81E-01,-5.93E-01,0.223610584,0.731702498,0.884386321,-6.76E-01,-4.68E-01,-5.75E-01,-7.90E-01,-3.40E-01,0.478650756,-6.24E-01,-8.70E-01,-1.77E-01,0.697579794,0.444525695,0.165838241,1.105320109,-6.31E-01,Not Healthy or Treatment Control,Cluster 1
2.039251564,0.392152116,-1.97E-01,-6.04E-01,-6.81E-01,-2.22E-01,0.584124582,-7.27E-01,-5.54E-01,1.488866048,-4.34E-01,-3.78E-01,-1.82E-01,-5.59E-01,-6.94E-01,0.165201016,0.50939868,-5.82E-01,-5.69E-01,-2.03E-01,0.344569129,-2.41E-01,-2.70E-01,0.377948697,-4.92E-01,Not Healthy or Treatment Control,Cluster 2
0.147663131,-6.37E-01,-5.94E-01,-3.81E-01,-9.20E-01,0.32449995,0.218136594,-7.18E-01,-5.65E-01,-5.10E-01,-9.18E-01,-3.79E-01,-5.99E-01,-4.20E-01,-9.57E-01,-3.27E-01,-5.14E-01,-6.20E-01,-6.18E-01,-7.10E-01,-9.62E-01,-9.03E-01,-6.48E-01,-6.46E-01,-5.42E-01,Not Healthy or Treatment Control,Cluster 2
1.544817102,1.827378851,1.722323684,-1.53E-01,0.686402703,1.850110386,2.247991826,0.345600491,-1.81E-01,1.234086755,0.545341709,3.432134799,0.225663127,2.689630437,0.01450794,-2.64E-02,0.813983768,1.807856967,0.297948949,2.659555563,0.973181121,1.741956103,1.04117763,0.364142816,0.179626017,Not Healthy or Treatment Control,Cluster 1
1.162868164,1.819357126,0.400788306,-4.75E-02,0.707237778,1.539708619,1.644877497,0.254845905,-1.24E-01,5.17327265,1.323456856,4.158504522,0.038225778,1.922460709,0.536118678,-1.12E-01,1.587146165,1.676860119,0.092899121,4.265685561,0.828355184,3.784288823,0.696047849,0.302530561,0.087454713,Not Healthy or Treatment Control,Cluster 1
1.859336191,1.615026802,0.901706177,0.071852632,0.381702474,0.355258199,0.906894832,0.267694493,0.023899552,0.031343637,0.821628124,6.296324567,0.05127501,2.155146582,0.522022623,-1.40E-01,1.46455959,1.780860716,0.092636968,2.810864081,0.995949599,3.025110126,0.455832667,-8.70E-02,0.098742479,Not Healthy or Treatment Control,Cluster 1
2.688177603,4.612273908,1.151962289,-2.88E-01,0.333436712,0.057821207,0.881686162,0.341601157,-2.67E-01,0.072877646,1.891552105,1.62534351,0.201878899,2.550724613,0.813096383,-5.08E-02,1.12960956,4.912867295,0.347494374,1.567992632,0.804227069,3.18319505,0.385545202,-9.07E-02,0.13360472,Not Healthy or Treatment Control,Cluster 1
1.584663702,2.878325435,0.659281753,0.055892873,0.065695773,0.246360412,0.461712466,0.264478859,0.257292903,1.514463845,1.750058345,0.862303369,0.155452058,2.099589325,0.609165702,0.031162143,3.739826307,1.843443367,-5.12E-02,1.624715313,1.085581887,3.706881886,0.278225409,0.287920217,0.049282085,Not Healthy or Treatment Control,Cluster 1
1.153378865,1.992005908,1.37338706,0.003544072,0.495631753,0.533433711,1.484958914,0.327398957,0.002249978,1.308659832,2.761648665,2.420722436,0.115327659,2.188126727,0.918601506,-1.41E-01,2.989560242,3.836211785,-6.56E-02,1.608090194,0.358888533,2.565097937,1.012293778,0.439706863,0.116610997,Not Healthy or Treatment Control,Cluster 1
1.627995375,2.236515445,0.775505944,-4.22E-01,0.478213113,2.664256052,0.707587733,0.338121396,-1.22E-01,0.49027322,3.909540493,4.435525432,0.008766612,0.757010972,0.607653837,-1.13E-01,1.736075222,2.02097276,-6.45E-02,1.64241986,0.580428027,3.499177011,0.054215748,-6.68E-02,0.111430752,Not Healthy or Treatment Control,Cluster 1
2.544771814,1.417780263,0.690071131,-2.61E-01,0.6398005,0.273659312,0.894416755,0.42789465,-2.22E-01,0.447782533,1.400496246,1.963041688,0.308729368,1.48080513,0.426487166,-5.59E-02,1.25079756,2.908230638,-4.91E-01,2.674136577,0.766846442,1.33413784,0.872315259,0.456753968,0.211387972,Not Healthy or Treatment Control,Cluster 1
2.400149758,1.203378899,0.801770651,-4.91E-01,0.474435497,0.112041592,2.298034922,0.319930794,0.292619927,1.601669583,0.01931708,2.135055731,0.11938834,3.436854121,0.441566651,-1.80E-01,1.548377787,1.527814176,0.038913084,1.864388806,-4.15E-01,1.435409186,1.326792825,0.100158023,0.092124009,Not Healthy or Treatment Control,Cluster 1
3.391802211,1.401309915,1.064235401,-2.58E-01,-8.09E-02,-1.65E-01,0.941291385,0.167988928,0.185321208,0.387484457,0.284899876,3.784548033,-2.99E-02,0.69156869,0.493375853,-5.53E-02,5.437949494,2.799371082,-2.02E-01,2.467453294,0.028937202,0.908943998,0.268314707,-1.95E-01,0.002965732,Not Healthy or Treatment Control,Cluster 1
1.327736602,1.467328617,1.82530776,-3.22E-01,1.003448529,1.015977466,0.680047847,0.278346584,-7.33E-02,1.49637878,0.507376506,6.124021261,0.108661211,4.757409233,0.293763307,-1.96E-01,3.778609881,2.654364969,0.241637088,1.773396895,-1.54E-01,1.239773203,0.784270337,1.175857384,0.092064752,Not Healthy or Treatment Control,Cluster 1
1.371219387,2.273048212,0.720174123,-2.14E-01,0.658756794,0.376178317,0.638424594,0.228289915,0.064503947,0.994183052,2.600358265,1.425971419,0.132530025,1.67217891,0.380385294,-7.44E-02,1.278093127,7.279129605,0.008324945,1.097918293,0.426984063,5.983404341,0.501349271,-2.33E-02,0.082476824,Not Healthy or Treatment Control,Cluster 1
1.901216208,1.215714087,1.208214375,-3.86E-01,1.752690367,0.709318861,2.094143619,0.437512953,0.005732561,0.29592746,0.74654058,2.476537837,0.149089471,2.287418497,0.935266255,-1.24E-01,1.572666799,2.279755867,0.306857234,2.183830907,0.136525735,6.657300527,1.344802798,0.567799701,0.207061631,Not Healthy or Treatment Control,Cluster 1
2.61885536,2.136413445,0.891065681,-1.84E-01,0.847570976,1.169863462,0.865313051,0.468548844,-8.31E-02,2.104425614,3.545796612,1.861757074,0.192369254,3.699542424,0.534402589,-1.21E-01,1.325812369,3.282165279,0.007775062,1.289773745,0.901504318,3.973845099,0.677332041,-2.19E-01,0.212413433,Not Healthy or Treatment Control,Cluster 1
2.204728326,1.854207186,1.066162535,-3.32E-01,0.389664099,0.652062086,0.700304133,0.276612874,-1.64E-01,3.65800302,0.828477173,6.068296221,0.044065612,3.486057192,0.341200708,-6.46E-02,3.759837742,2.102587195,-5.84E-02,1.184567178,0.343250721,4.358186466,0.605835042,0.061986136,0.090743752,Not Healthy or Treatment Control,Cluster 1
1.127264237,1.782671394,2.235366607,-3.17E-01,1.267922376,2.024977611,1.111475842,0.444478157,-5.65E-02,1.214590593,0.971630444,3.69506603,0.197606319,2.577893516,0.557345251,-1.13E-01,2.790672386,6.458571332,0.294559192,1.080454838,0.218073058,2.652459049,1.257362588,-3.16E-02,0.216638376,Not Healthy or Treatment Control,Cluster 1
0.989794532,1.845600343,0.710303657,-1.43E-01,0.70350243,1.826649984,0.920481238,0.350683512,-8.28E-02,1.834231413,4.370388444,2.696990421,0.252617022,2.213185857,0.820436503,-1.02E-01,1.680180893,0.931312751,-5.02E-02,5.232363527,0.439903347,1.910076107,0.701243669,0.224925954,0.170239876,Not Healthy or Treatment Control,Cluster 1
1.831777625,1.899098039,1.292103117,-2.47E-01,0.079708708,0.758914198,1.092267904,0.32375629,-8.04E-02,0.415878663,0.789210858,2.395267665,0.207459138,7.596013324,0.425715412,-7.49E-02,1.42479783,0.649612721,0.067082695,2.195314224,0.602498881,4.76847539,0.271132065,-1.56E-01,0.126483613,Not Healthy or Treatment Control,Cluster 1
2.03079766,1.509623458,2.807953282,-1.19E-01,1.070256129,0.144464064,2.664621514,0.488979586,-1.21E-01,1.15215825,-1.25E-01,2.35906256,-8.41E-02,3.24599409,1.042193781,-4.25E-02,4.003570601,1.900216541,0.345190425,1.981757489,1.509312207,1.334902467,0.650062944,0.298307068,0.157755347,Not Healthy or Treatment Control,Cluster 1
1.481262471,1.787939569,0.082745761,-1.81E-01,0.942303892,0.767710993,1.485188993,0.525507363,0.009188526,0.221226688,0.730712713,1.477347038,0.124301074,1.942134914,0.710704836,-8.10E-02,2.713102296,3.657471821,0.334778299,1.782237782,1.163754005,3.007635064,0.786587106,-8.26E-02,0.240645486,Not Healthy or Treatment Control,Cluster 1
1.676710257,2.123840347,4.074282593,-1.30E-02,2.146671464,-1.32E-01,2.219656555,0.385923558,-3.32E-02,0.874725163,1.050876282,4.331768171,0.243447801,2.116870417,0.233047541,-4.71E-02,1.338892815,2.666137255,0.171809474,2.32695105,0.967752777,1.721501279,1.574984682,1.721501279,0.187028876,Not Healthy or Treatment Control,Cluster 1
6.08237936,1.986858152,-6.55E-03,-5.81E-02,0.490379946,1.229007255,1.434303223,0.292446479,-3.60E-01,0.550660825,0.981055585,1.673885096,0.180540581,1.605277454,0.203537896,-1.59E-01,1.973227262,1.423598754,-1.61E-01,1.904430437,0.160058564,2.931940924,1.101533939,0.931972271,0.097896832,Not Healthy or Treatment Control,Cluster 1
-1.08E-01,0.037590307,0.087457138,-8.03E-01,-1.84E-01,-6.30E-01,-6.45E-02,-6.78E-01,-8.27E-01,0.561097323,-7.77E-01,-4.32E-01,0.256440784,-6.35E-01,-7.30E-01,-4.58E-01,-6.07E-01,-5.52E-01,-4.86E-01,-3.85E-01,0.450589774,-3.66E-01,3.176593232,0.316726233,-6.99E-01,Not Healthy or Treatment Control,Cluster 2
1.079997588,0.787227896,2.380716004,-1.42E-02,-6.64E-01,-9.37E-01,0.180900515,-1.02E-02,-5.47E-01,0.995975819,0.807229511,0.204222085,-3.55E-01,0.124104879,-2.60E-01,-1.02E-01,0.740837711,1.47906505,-3.30E-01,0.380301679,-5.38E-01,-5.54E-01,0.089480643,0.604288896,-2.00E-01,Not Healthy or Treatment Control,Cluster 1
0.43732426,0.800186361,0.660291166,1.695199943,-9.34E-01,-7.59E-01,1.099157706,-1.83E-01,0.11731288,1.986618673,-2.90E-02,0.53193562,-2.12E-01,-1.74E-02,-7.29E-01,-5.57E-03,0.969283255,0.610203904,-2.62E-01,0.42161432,-5.43E-02,-5.11E-01,0.062146034,-1.60E-01,-3.49E-01,Not Healthy or Treatment Control,Cluster 1
0.849154747,1.210622628,4.037217258,3.046202019,-8.45E-01,-3.02E-01,0.029183976,-2.51E-01,-2.25E-01,-1.99E-02,3.794342739,0.438855756,0.356927592,0.308787655,-5.28E-01,0.01800358,1.060338808,1.653683436,-3.60E-01,0.301764694,-3.16E-01,-8.54E-01,-1.54E-01,-5.13E-01,-3.00E-01,Not Healthy or Treatment Control,Cluster 1
0.653350387,0.458120722,0.014347814,2.607387315,-8.28E-01,-7.54E-01,0.260165441,-3.02E-01,-3.68E-01,0.572349847,0.131439486,-1.22E-01,-2.86E-01,-2.69E-01,-8.17E-01,-9.00E-02,0.792195853,1.02960253,-1.22E-01,0.517481906,-1.95E-01,-5.81E-01,-1.29E-01,0.522204753,-3.71E-01,Not Healthy or Treatment Control,Cluster 1
0.447914648,0.385566542,0.679950334,0.768888649,-5.25E-01,-7.49E-01,0.580027441,-1.19E-01,-3.58E-01,1.155879161,0.395386659,0.190273566,-3.35E-01,-6.57E-02,-4.06E-01,-1.74E-02,1.145296658,1.808990975,0.07871174,0.203379819,0.020949019,-7.04E-01,0.111607476,0.945726241,-2.83E-01,Not Healthy or Treatment Control,Cluster 1
1.30169126,0.927939939,0.825167092,0.220265583,-6.39E-01,-3.93E-01,1.532307605,-2.20E-01,-2.75E-01,0.317881335,1.407773478,-2.10E-01,-1.22E-01,-3.53E-01,-6.47E-01,0.025341598,0.484068296,3.724701286,-3.82E-01,0.281967008,-3.39E-01,-4.16E-01,-5.13E-02,0.804640871,-2.35E-01,Not Healthy or Treatment Control,Cluster 1
0.484855318,0.414697666,0.782277662,0.58632696,-5.67E-01,-9.26E-01,1.792600259,-8.71E-02,-4.43E-01,0.355635703,-1.27E-01,0.443045949,-3.99E-01,-2.40E-01,-7.06E-01,-7.52E-02,1.03028169,1.603192683,0.057736952,0.478719801,-3.66E-01,-5.44E-01,-1.94E-01,1.039147534,-1.28E-01,Not Healthy or Treatment Control,Cluster 1
0.972625585,1.939150524,1.94611156,1.291358396,-7.92E-01,0.469009824,0.597238446,-1.63E-02,-4.29E-01,0.157796397,0.526875208,0.463819668,-2.19E-01,0.251946188,-7.91E-02,0.010495739,0.391937517,2.511128695,0.425852679,0.640546445,-5.27E-01,-5.31E-01,0.125138314,0.928970252,-1.72E-01,Not Healthy or Treatment Control,Cluster 1
1.266967025,0.653323901,1.177303315,0.700258472,-8.55E-01,-7.44E-01,-1.72E-01,-1.05E-01,-6.30E-01,1.110120165,0.576854544,0.538563164,-2.65E-01,-2.23E-01,-5.30E-01,-9.31E-02,0.444561748,1.781167815,-2.61E-01,0.64255771,-4.30E-01,-6.62E-01,-2.25E-01,1.329438457,-2.44E-01,Not Healthy or Treatment Control,Cluster 1
0.210238571,0.957873937,0.666830161,0.069757962,-8.04E-01,-5.50E-01,0.514015824,-1.52E-01,-3.97E-01,4.33437997,4.577753054,0.300394172,-1.23E-01,-1.48E-01,-4.94E-01,-5.35E-02,0.11946032,0.702932944,-1.14E-01,0.305582312,-2.70E-01,-1.87E-01,-4.02E-01,1.957390498,-2.18E-01,Not Healthy or Treatment Control,Cluster 1
-1.54E-02,2.517753318,1.057826814,1.673199441,-5.19E-01,-4.77E-01,0.472396823,-9.56E-02,-3.97E-01,2.799954514,0.858946241,0.146737488,-1.63E-01,-2.90E-01,-2.94E-01,-4.17E-02,0.733818304,0.761631244,-4.45E-01,-3.73E-01,-2.18E-01,-6.51E-01,-1.32E-01,0.665177576,-1.75E-01,Not Healthy or Treatment Control,Cluster 1
0.900956151,0.967022788,0.176416648,0.018012838,-5.93E-01,-6.88E-01,1.624950391,-1.11E-01,-4.00E-01,3.750032714,0.441022596,0.230134049,-5.86E-02,-3.34E-01,-5.59E-01,-6.15E-02,1.697628639,2.478209903,-1.72E-01,-8.60E-02,-6.45E-01,-6.62E-01,0.200219276,1.111476534,-1.91E-01,Not Healthy or Treatment Control,Cluster 1
1.496286071,0.461044788,1.470815179,1.575924933,-6.83E-01,-8.83E-01,1.158613152,-8.00E-02,-3.59E-01,2.159952327,-1.61E-01,-1.36E-01,-6.17E-01,0.032230364,-8.92E-01,0.07737109,0.769550229,1.905808944,-1.58E-01,0.251797104,-3.98E-01,-4.14E-01,0.090901721,2.350887606,-2.75E-01,Not Healthy or Treatment Control,Cluster 1
0.314998842,1.401190846,0.963613684,1.009596633,-7.63E-01,-5.85E-01,0.293664371,-1.56E-01,-4.56E-01,0.514822945,-2.28E-01,0.382071871,-4.57E-01,0.071959125,-5.62E-01,-1.02E-01,0.212619304,1.662861916,-1.65E-01,-4.16E-02,-1.39E-01,-5.69E-01,-1.77E-01,0.558229897,-2.63E-01,Not Healthy or Treatment Control,Cluster 1
0.234296953,0.372606567,0.191647466,1.799658806,-8.43E-01,-4.52E-01,-6.92E-02,-2.01E-01,-1.37E-01,1.680823071,0.16052982,0.140110493,-4.38E-01,-3.43E-01,-7.19E-01,-1.23E-01,0.796170254,3.570058017,-3.71E-01,0.602246425,-4.14E-02,-7.31E-01,-1.64E-01,1.649335587,-3.28E-01,Not Healthy or Treatment Control,Cluster 1
0.442819855,0.748289956,0.901922059,0.25826389,-6.68E-01,-8.32E-01,0.2404982,-1.49E-01,-7.41E-01,2.170945332,0.692014338,0.14023823,-4.02E-01,-1.71E-01,-4.47E-01,-1.04E-01,2.014640449,1.532964275,-1.05E-01,0.463737531,-3.04E-01,-7.72E-01,-1.76E-01,0.47289029,-2.64E-01,Not Healthy or Treatment Control,Cluster 1
1.497420806,0.191810587,0.367158393,-2.39E-02,-7.31E-01,-9.23E-01,0.576577837,-3.76E-01,-4.36E-01,0.09384734,0.282720098,0.466991482,-9.53E-02,-2.05E-01,-7.92E-01,-9.45E-02,0.91003728,4.249009067,0.215950293,0.258701251,-4.23E-01,-7.97E-01,-8.53E-02,1.201533505,-2.95E-01,Not Healthy or Treatment Control,Cluster 1
0.144108928,0.112745414,0.230327106,0.229253949,-4.63E-01,-5.92E-01,5.203921489,-1.62E-01,-4.75E-01,2.550159594,-4.96E-01,-6.77E-02,-1.50E-01,-3.19E-01,-5.72E-01,-6.81E-02,0.553003969,2.505550412,-2.25E-01,0.168170518,-2.06E-01,-3.80E-01,-3.19E-01,3.799604641,-2.83E-01,Not Healthy or Treatment Control,Cluster 1
1.415346333,1.797373909,0.654493193,-2.98E-01,1.038655288,0.861338416,0.759279464,0.337314443,-9.99E-02,1.234095988,0.905246178,7.928687746,0.110301182,2.901580665,0.714375529,-1.07E-01,3.102672272,2.455264741,0.107290398,1.973529091,0.247339794,2.229372371,0.507948975,0.092489116,0.138999263,Not Healthy or Treatment Control,Cluster 1
1.862266527,1.300250264,0.664659976,-3.66E-01,0.55440005,1.86861138,1.107381128,0.309159802,0.066105761,1.277623539,1.173330648,2.11959551,-3.95E-03,3.52253213,0.392483046,-1.42E-01,1.504684436,3.849384475,0.017166508,4.204912482,0.0120367,2.705228611,-3.92E-02,0.332027197,0.112574665,Not Healthy or Treatment Control,Cluster 1
