N0,N173,N321,N412,N532,N610,N758,N804,N1144,N1207,N1239,N1450,N1630,N1674,N1685,N1779,N1807,N1829,N1834,N1882,N1904,N1909,N1926,N1928,N1962,N2020,N2111,N2121,N2276,N2288,N2354,N2363,N2381,N2408,N2497,N2597,N2626,N2641,N2833,N2855,N3070,N3172,N3179,N3183,N3252,N3344,N3507,N4149,N4242,N4377,N4389,N4438,N4480,N4847,N5022,N5039,N5122,N5593,N5625,N5675,N5772,N5849,N6041,N6049,N6064,N6167,N6169,N6218,N6277,N6281,N6283,N6347,N6477,N6539,N6584,N6596,N6623,N6768,N6854,N6973,[Factor_0]
ALL,-1.37E+00,0.470163538,1.520644803,1.988914703,0.375360549,1.648879155,1.900471281,1.06349427,1.076897275,1.978850901,0.152306557,1.111445188,2.042522464,2.134233424,0.753090209,-5.10E-01,-1.18E+00,0.133657104,-8.05E-01,-7.19E-01,1.19555611,-1.21E-01,1.976365996,1.802934429,0.916017462,1.585825979,1.203497545,-7.31E-01,-1.50E+00,1.875399154,-3.52E-04,1.332260559,1.558600196,-1.35E+00,1.917874343,-4.08E-01,0.830549661,-1.70E-01,0.875319814,0.572090765,0.126919557,0.026725547,1.75503248,-1.21E-01,2.231171072,0.207164219,-7.31E-01,1.933593424,0.94282427,0.475668505,1.612988118,1.638696534,0.159602771,1.266824295,0.721253987,1.468031504,1.898335924,0.85512597,-1.30E+00,1.657150116,0.453927835,-4.85E-01,1.601473939,0.058928777,1.036944899,0.152306557,-5.82E-02,-7.05E-01,0.733853066,1.373525618,0.753090209,0.809144981,-3.34E-01,0.667114316,0.514822654,0.239248146,0.207164219,1.502461447,-2.18E-01,Cluster 1
ALL,-6.30E-01,0.591455628,1.538770685,1.913469028,0.846038601,1.6516236,1.590168246,1.277883509,0.472521055,1.773367894,-1.43E+00,0.181544096,1.922317194,1.999184069,-7.33E-01,0.562797576,-3.83E-01,0.341986861,-2.11E-01,-4.85E-01,0.78594812,-6.92E-01,1.789697248,1.857340473,0.788104757,1.033639918,1.289908758,-2.77E-01,-1.68E+00,0.815012375,1.390890408,0.579561016,1.299665007,-9.90E-01,1.90261534,-7.75E-01,1.214818287,-3.55E-01,0.637750889,-1.60E+00,-2.30E-01,-3.70E-01,1.429862986,-2.03E-01,1.867297829,0.069322669,-6.82E-01,2.15348369,0.996847482,0.300518435,1.590168246,1.88987992,-7.36E-02,1.350851893,0.964151768,1.727806037,1.200962507,0.779738254,-1.18E+00,1.557416712,0.812319682,0.554987702,-1.49E+00,0.672835357,1.863292698,0.721938247,0.144307825,-8.13E-01,0.357686521,1.42015765,1.189114214,1.059171522,0.423729332,0.231295625,0.558888378,0.669312123,0.250661243,0.919768158,0.690801968,Cluster 1
ALL,-1.30E+00,0.340496103,1.436737703,2.034101466,0.583725146,1.776766432,1.824794925,0.340496103,0.596278909,1.90476818,0.310465434,0.43008441,2.15348369,1.891981263,1.198435162,0.257197607,0.276691352,0.132060832,0.37649261,-9.76E-01,0.857916775,-6.17E-01,1.610410922,1.968983615,1.462886689,1.635339789,1.270756181,-6.94E-01,-1.10E+00,1.966546496,0.163164961,1.213348799,1.060713085,0.393532511,2.071690746,-7.32E-01,0.835524177,-4.89E-02,0.827574794,-1.63E+00,-7.01E-01,-2.59E-01,1.324613184,-4.17E-01,2.186818365,0.281626699,-8.06E-01,2.048217985,0.884641309,0.141288511,1.351728023,1.367231316,-9.05E-02,1.369024157,0.721253987,1.563356101,1.289908758,1.073137503,-1.13E+00,1.601473939,0.67482085,1.146694449,1.0703276,-6.37E-01,0.660321474,0.43008441,1.305001694,-5.66E-01,0.590408911,0.938173175,0.656609283,0.762931451,1.713895591,0.122490119,1.25282907,0.640338451,-5.30E-01,1.519528415,-6.94E-01,Cluster 1
ALL,-6.11E-01,0.577898178,1.349976798,2.171704442,0.555603036,1.673327356,1.781903043,0.871972365,1.006136654,1.940479001,-1.01E+00,0.95384934,2.074706478,2.125738509,1.09560858,0.353566334,0.659665722,0.486919963,-7.69E-02,-7.08E-01,0.869917245,0.030770737,1.872346744,1.891981263,1.152481423,1.646147073,1.49221364,0.168690467,0.261561279,1.468031504,1.134230212,1.121609913,1.266824295,0.651601256,1.825724904,-4.49E-01,0.831542917,0.240333742,0.934358046,0.591246233,-6.95E-01,-9.24E-02,1.644785627,-2.65E-01,2.068693738,0.825101322,-4.35E-01,2.085412846,0.867097439,0.683899809,1.620784687,1.048145733,0.713976082,1.065352973,0.607658152,1.49704827,0.803790903,0.736156317,-9.90E-01,1.845629671,0.200881626,0.994538598,0.075139398,-7.79E-01,0.646392852,1.020235518,0.462715198,-2.42E-01,0.847296549,1.137917338,1.157276309,0.9149482,1.072199928,0.415857367,0.544354976,1.04449867,-1.10E+00,1.345616751,-6.11E-01,Cluster 1
ALL,-1.20E+00,0.251931356,1.52738328,2.146391298,0.782123094,2.080795173,1.971432485,0.701779533,0.760112161,1.879496413,-1.21E-01,0.706510139,2.09320923,1.964121002,0.100377179,0.300702366,0.407246947,0.152306557,-1.34E+00,-4.14E-01,1.127565564,-5.40E-01,1.763293322,1.897271483,0.969200938,1.430840953,1.318718347,0.216693534,-1.22E+00,2.028566586,0.43008441,1.079727124,1.057324962,0.681680254,2.119051355,0.26629422,0.955235633,0.097727134,1.386280126,-1.46E-01,-1.01E+00,-5.25E-01,1.545700057,-2.95E-01,1.978850901,0.784034173,-7.79E-01,2.248448235,0.853353466,0.523876116,1.668357525,1.761631517,0.882303751,1.08193411,0.623167649,1.416312714,1.191256021,1.338262833,-9.40E-01,1.947457828,0.392203143,0.964151768,0.189592737,0.125679067,0.885161423,0.679907026,-5.19E-01,-5.98E-01,0.985641308,1.423055189,1.47425703,1.1302254,0.444787182,0.125679067,1.144661132,1.4446786,-1.42E-02,1.529644925,0.250661243,Cluster 1
ALL,-7.34E-01,0.360499221,1.177430541,2.090075419,0.584350638,2.099539239,1.724685902,0.959962828,1.128894484,1.883625468,-9.17E-01,0.880488978,1.777619282,2.031326247,1.231534132,0.499627153,0.25956065,0.474684422,0.484546155,-1.24E+00,2.023093163,-2.83E-01,1.961707008,2.132522095,0.98764354,0.515424899,1.68849027,-5.61E-01,-9.90E-01,1.90476818,-1.82E-01,1.243252714,1.388581578,-1.13E+00,1.859317235,-7.18E-01,0.696616346,-6.91E-01,0.499627153,0.736156317,-7.66E-01,-1.40E+00,1.591414418,-1.35E-01,1.826656465,0.354315011,-5.81E-01,2.122383069,0.714656775,0.083957535,1.577840189,1.627357923,-1.39E+00,0.855379404,0.486722041,1.569953773,1.45422833,1.07815392,-1.49E+00,1.713895591,0.545374664,-6.66E-01,1.460328738,-7.98E-01,1.368575534,0.344784086,-3.66E-01,-2.55E-01,0.421038415,1.679778495,0.839768829,0.505211897,0.550890829,0.647910153,0.26228904,0.203573181,-1.07E+00,1.325882367,0.560121936,Cluster 1
ALL,0.610833004,0.159780832,1.455241308,2.122383069,0.818939605,1.920091031,1.877443844,1.020235518,0.96052038,1.828524357,0.318593124,1.173571507,1.956913034,1.536477233,-4.69E-01,-5.44E-01,1.002062002,-1.05E-01,-1.34E+00,-4.01E-01,2.083868681,-7.21E-01,1.797601718,2.235428129,0.314341967,1.432801003,1.442187294,0.785230053,-1.28E+00,2.048217985,1.002062002,1.569351157,1.315788037,1.53021156,1.964121002,0.247578363,1.283071676,0.296107132,0.895089523,0.386892571,-1.13E-01,-1.28E+00,1.569351157,-2.80E-01,2.034101466,0.580184993,-7.89E-01,2.065715198,0.610833004,0.322479648,1.434766574,0.360499221,0.497238463,0.8903758,0.374417531,1.385820716,1.408685038,1.481593122,-6.48E-01,1.935878429,0.446340394,0.972298741,-2.03E+00,0.695048627,1.750132893,0.043261531,0.740543292,-6.72E-01,1.022308584,1.371271414,1.052418338,0.497238463,0.785230053,0.333982875,0.855632893,0.635382702,-1.77E-01,1.533052133,-5.26E-02,Cluster 1
ALL,0.103027928,-2.35E-01,1.681221615,1.978850901,0.583933618,1.935878429,1.737268782,1.212615036,0.928931333,1.626697431,-3.58E-01,0.782123094,2.146391298,2.109194924,1.42450845,-1.85E-01,1.028554311,-9.54E-02,-1.03E+00,0.041853816,1.389504221,-3.11E-01,1.68849027,1.956913034,1.400669434,1.277485842,1.537622948,0.249391535,-1.10E+00,1.891981263,0.54639492,1.11667709,1.276294052,0.053118091,1.885702097,-4.09E-01,1.075642328,-3.47E-01,0.749360318,0.979090189,-5.43E-01,-1.45E+00,1.570556959,0.189413747,2.086962,0.579145156,-4.40E-01,2.03969937,1.066904708,0.021274015,1.369024157,1.519528415,-8.32E-01,-8.77E-01,0.705156928,1.69733211,0.991372512,0.972862981,-6.00E-01,1.911280224,0.163521293,0.329339244,1.202410154,0.708994393,1.832279397,0.062803661,2.083868681,-2.11E-01,0.589153703,1.63200137,1.233412783,0.430855899,1.61947841,0.760112161,0.944196126,0.565064729,-6.61E-01,1.718495524,0.753323675,Cluster 1
ALL,0.359186274,0.333982875,1.37623991,2.056887879,0.79002485,1.913469028,1.983857687,1.193045044,1.159339427,1.935878429,-7.92E-01,1.022605095,2.023093163,2.142885205,-7.64E-01,-1.79E-01,1.141282747,0.203034753,0.941728062,-1.79E+00,1.591414418,-3.18E-01,1.931318469,1.938173588,0.854365997,1.507371233,1.419194448,-2.79E-01,-6.30E-01,2.020379024,-5.29E-02,1.362323527,1.524567166,0.539468316,1.949805325,-1.34E-02,0.971452961,1.246304719,0.949701412,0.145551453,-5.93E-01,0.705382373,1.570556959,-9.24E-01,2.168002353,0.578313737,-6.68E-01,2.062754871,0.748196864,0.60681256,1.819247921,1.881556931,-1.22E+00,1.17287174,0.519243473,1.280672854,1.610410922,1.543382027,-8.82E-01,1.898335924,0.125679067,0.609774037,2.009668702,0.044317373,0.715110755,0.383862859,0.279797999,-1.66E+00,1.148392509,1.443182742,1.352166478,0.333982875,0.176184893,0.474881202,1.257466798,0.120010689,-2.51E-01,1.653000501,0.352256627,Cluster 1
ALL,0.2184937,0.774032642,1.634002235,1.853408582,0.668432613,2.056887879,1.770832367,0.763166665,0.84956424,1.885702097,0.120896114,0.861733224,2.142885205,2.210470572,-1.04E+00,0.305488156,1.042680339,0.145196108,0.00070322,-1.91E+00,1.523444098,-2.47E-01,1.750132893,1.999184069,0.639691159,1.373074219,1.541648931,0.337516852,-5.29E-01,2.071690746,0.086780685,1.283472198,1.287891599,0.875319814,1.968983615,0.033409172,0.760112161,0.15853451,1.012280148,0.284005419,-9.07E-01,0.305488156,1.682668245,-2.84E-01,2.182992933,1.100749374,-8.76E-01,2.014994971,1.153164784,0.471734925,1.695849243,1.834166647,-6.87E-01,1.094008009,0.88854802,1.333542719,1.214450669,1.435751441,-5.75E-01,1.819247921,0.249572897,1.403959056,-1.57E+00,0.413175294,0.78188441,0.313787889,0.100730571,-1.58E+00,0.8903758,1.264865675,1.519528415,0.916552487,0.79725131,0.573748049,1.070639394,0.61443863,-3.67E-01,1.460839564,-2.01E-01,Cluster 1
ALL,0.398856969,0.773558312,1.691422873,1.839867939,0.427964133,1.896209187,1.787087104,0.877126355,0.819431396,1.797601718,-4.30E-01,1.042680339,2.175436537,2.032711899,-9.15E-01,-7.36E-01,1.229285474,-3.47E-01,-2.65E-01,-2.07E-01,1.641395286,-6.34E-01,1.622093734,2.036892439,0.783078276,1.056095922,1.683392883,-3.38E-01,-1.27E+00,2.083868681,0.528924386,1.027063599,1.161062469,0.968919781,2.090075419,-3.19E-01,1.129227025,-5.80E-02,0.589153703,0.57043505,-8.20E-01,-3.38E-01,1.587683286,-7.94E-01,2.074706478,0.597749616,-1.11E+00,2.014994971,0.808657289,0.362188209,1.712370309,1.304178246,-4.10E-01,1.178486052,0.322664842,1.35436266,0.983643021,1.449688292,-8.07E-01,1.832279397,0.381592887,0.61720127,1.484761713,0.962753578,0.914146939,0.411452674,0.279432371,-3.19E-01,0.925418592,1.287891599,1.056095922,0.748894815,-4.96E-01,0.983643021,0.836521563,0.686790278,0.339751008,1.389504221,0.655083363,Cluster 1
ALL,0.779500014,0.149461473,1.280273766,1.938173588,0.600063345,1.891981263,1.678338864,0.774507146,1.231158924,1.759974563,0.279066781,1.315788037,2.068693738,1.646147073,1.352166478,-3.01E-01,1.145677199,0.16583796,0.561973874,-7.62E-01,1.493284988,-2.41E-01,1.515635892,2.051090845,0.801607231,1.421122171,1.518413917,-3.23E-01,-1.83E+00,1.692894647,0.235993041,1.240212246,1.429862986,0.946945181,1.986379845,-3.72E-01,0.762696279,-5.77E-01,0.442071636,-1.54E+00,-3.12E-01,0.695944257,1.231158924,-2.12E-01,1.855370942,0.48237256,-6.57E-01,1.952163615,0.919231553,0.497437412,1.257466798,1.949805325,-2.12E-01,1.218503532,0.048893275,1.543960757,1.193403308,1.019644018,-1.12E+00,1.766631617,0.740543292,0.487315864,1.913469028,0.0415019,1.917874343,0.566508976,1.140608632,-6.57E-01,0.779500014,1.713895591,1.298030376,0.477046995,0.366885287,0.900877892,0.942276025,-1.46E-01,-7.95E-02,1.537049838,0.61358953,Cluster 1
ALL,0.389356828,0.637320043,1.570556959,1.788825846,0.514220596,0.553142961,1.695849243,1.406790874,1.382155917,1.956913034,-3.40E-01,1.425478965,2.083868681,1.590168246,-1.33E+00,0.458610023,0.255562497,0.085545473,-9.01E-01,-8.70E-01,1.80831891,-3.97E-01,1.194837894,1.900471281,0.553142961,1.538770685,1.463912555,-1.04E+00,-8.25E-01,1.568147632,0.229129313,0.968919781,1.372172259,-5.67E-01,1.877443844,-1.39E+00,0.689909522,-1.38E-01,1.161752652,0.149105923,0.302542234,-1.14E-01,1.573581498,-6.48E-01,2.146391298,0.302542234,-9.41E-01,1.954532813,1.043589073,0.39239301,1.257466798,1.634002235,0.865050993,1.199156479,0.707864645,1.441193273,1.473215473,0.479215028,-7.88E-01,0.543335853,0.410878739,0.270303676,2.080795173,-1.38E+00,1.783625741,0.097903782,-1.78E-01,-4.16E-01,0.357499109,1.433783096,0.631515152,0.604489413,0.259197011,0.956345992,1.15968376,0.434137596,0.222817002,1.199156479,0.129932992,Cluster 1
ALL,-3.34E-02,0.457048181,1.555645566,2.080795173,0.443041099,1.611698181,1.947457828,1.134230212,0.958570253,1.891981263,-6.03E-02,0.855886437,2.088516179,1.396462066,0.467416399,0.518036792,0.376870071,0.295739784,0.695048627,-8.92E-01,1.69733211,-4.19E-01,1.906929885,2.014994971,0.932998792,1.628681041,0.822632888,-3.68E-01,-7.27E-01,1.689222059,0.299598934,0.903254577,1.452711656,-2.93E-01,1.933593424,-1.19E+00,0.746105195,0.381781976,1.243252714,-1.17E+00,-8.31E-01,-1.89E-01,1.606565068,-1.31E-01,2.202448981,0.257924544,-7.03E-01,2.083868681,1.401138452,0.370083923,1.040563299,1.675469994,0.647259699,0.94556976,1.027063599,1.180601024,1.672614847,0.319148046,-1.35E+00,1.413442694,0.495051321,0.675262432,1.776766432,-1.03E+00,1.718495524,0.325073369,0.090663651,-2.41E-01,0.746105195,1.38352804,0.698634505,0.673717471,0.723764597,0.349265273,1.196634593,0.628727788,-7.27E-01,1.409634019,-2.97E-02,Cluster 1
ALL,0.745176611,-2.19E-01,1.759974563,2.080795173,0.452758845,1.991462406,1.847563935,1.156246595,1.042074994,1.942794775,-1.18E+00,1.164518934,2.025822289,1.898335924,-1.96E-01,-1.44E-02,1.049364522,-2.50E-01,0.061394506,-3.50E-01,1.419194448,-5.63E-01,1.720036946,2.139405257,0.952464876,1.324613184,1.312452886,0.768352117,-9.49E-02,1.917874343,1.633334553,1.070951292,1.04449867,1.655763742,1.988914703,0.075139398,0.858933271,0.192457412,1.264083584,-6.29E-01,-6.53E-02,0.300518435,1.315370342,-6.52E-01,2.068693738,0.734543632,-7.46E-01,2.135951027,1.183429227,0.523472833,1.427911143,0.37932488,1.410108985,0.623594667,0.786906173,1.209321155,1.122269687,1.215554015,-2.11E-01,2.020379024,0.331938796,1.073450238,-1.75E+00,-1.30E+00,0.63882852,-5.82E-02,-4.08E-01,0.261015549,0.723079433,1.232660801,1.105595429,0.775456677,1.373525618,0.340496103,0.869917245,1.163826529,0.084133962,1.746889696,-2.86E-01,Cluster 1
ALL,-1.04E+00,0.765521137,1.513974676,1.966546496,0.567128301,1.940479001,1.882590193,0.875319814,0.922993369,1.920091031,0.019867277,1.213715925,2.139405257,1.836060452,0.885161423,0.41873434,0.567128301,0.243773341,-1.45E+00,-7.10E-01,1.875399154,-7.90E-01,1.360103523,2.077741197,0.754959087,1.37533402,1.477391336,0.245947203,-5.78E-01,2.042522464,1.117333229,0.896402423,1.430840953,1.115693782,1.976365996,0.181722825,0.853353466,0.108154782,1.146355234,0.009141989,-2.27E-01,-1.27E+00,1.639370103,-4.83E-01,2.142885205,0.815012375,-9.77E-01,2.068693738,1.429862986,0.728341073,1.47113714,0.989362894,0.479806701,0.762696279,0.473897487,1.190184435,1.161752652,0.867609617,-1.38E+00,1.853408582,0.39505264,0.900877892,1.869311679,0.432206622,1.851453333,0.651383887,0.574992047,-8.48E-01,0.699981527,1.262131732,1.258242387,0.982787813,0.362000493,0.283090337,1.10139402,0.825842833,-6.25E-02,1.388120699,0.001582246,Cluster 1
ALL,-7.32E-02,0.78188441,1.738861118,1.933593424,0.39201329,0.163164961,2.048217985,0.88880895,1.275500531,1.88778689,-7.83E-01,1.238696303,2.325244047,-7.94E-01,-1.25E+00,0.374983302,0.895614498,0.44032765,1.626037648,-3.08E-01,0.833034342,-7.07E-01,1.662027683,1.891981263,1.030645156,1.712370309,1.735680839,-1.40E-01,0.163164961,1.698818719,0.806708443,0.718520314,1.679778495,-1.55E+00,1.900471281,-1.09E+00,0.94556976,0.689686497,0.60238029,-9.42E-01,-1.14E+00,-2.02E-01,1.423055189,-3.40E-01,1.966546496,0.519243473,0.321924134,1.964121002,1.51121523,0.334168769,0.875835677,0.173685672,1.691422873,0.806708443,0.863008165,1.316624115,1.412488604,0.88880895,-9.13E-01,1.434766574,0.697064581,1.522883284,1.407737325,-1.08E+00,0.655519184,0.317853381,-7.56E-01,-6.99E-01,0.313049267,1.350414216,0.697064581,0.701329819,0.663166359,0.677693491,1.050279639,0.513217579,-7.83E-01,1.259018733,-1.16E+00,Cluster 1
ALL,-1.09E-01,0.046605202,1.565747373,2.129118055,0.515023382,1.596423985,1.847563935,0.801364837,1.012867237,1.850478357,-2.63E-01,0.559710656,2.099539239,1.628681041,1.797601718,0.334354675,0.72582213,0.223718211,0.696168252,-6.39E-01,1.094008009,-1.76E-01,1.811937904,2.017679686,1.197714469,1.477391336,1.184137758,-8.21E-01,-9.95E-01,1.956913034,0.410113702,1.468548127,0.979090189,1.659932461,1.924552925,-8.21E-01,0.425075941,-4.32E-01,0.46937828,-7.90E-01,-4.15E-01,-1.10E+00,1.810125444,-3.85E-01,1.981348085,0.297760691,-6.68E-01,2.146391298,1.079097522,0.520853559,1.197714469,1.25282907,1.271150452,0.905901337,0.458024202,1.407737325,1.299256024,1.351289828,-1.02E+00,1.488477344,0.508610326,1.075328856,-8.67E-01,-1.48E-01,1.423539276,0.37064878,1.764126054,-5.28E-01,0.835524177,1.124582752,0.92595827,0.63882852,0.696168252,0.867609617,0.194427791,0.23960998,-3.52E-01,1.229285474,0.306040811,Cluster 1
ALL,-1.28E+00,0.551095453,1.47425703,2.105954509,0.500025545,1.947457828,1.911280224,1.513421864,1.363658759,1.817411298,0.112576761,1.300074208,2.071690746,2.012324701,0.43510369,-3.40E-01,0.305488156,0.335656341,0.87145824,-1.72E-01,1.335255683,-4.69E-01,1.88987992,2.142885205,1.001771592,1.447680054,1.659932461,-9.51E-01,-5.57E-01,1.815580785,-2.96E-01,1.421604928,1.787087104,0.675925052,1.999184069,-1.17E+00,0.556834335,0.024615191,0.746802055,0.088016029,-3.71E-01,-1.53E+00,1.738861118,0.10408843,2.014994971,0.266658538,-9.51E-01,2.096363735,0.619542574,0.261197451,1.190898674,1.822014415,0.088016029,0.797492909,0.317483575,1.622093734,1.572975439,1.074702229,-8.79E-01,1.743664769,0.883082401,0.666236095,1.239453918,-8.69E-01,1.188045353,-1.48E-01,1.287086201,-1.39E+00,0.178863853,1.498667615,1.156246595,0.353753485,0.638181852,0.513418141,0.343105429,0.203214222,-8.38E-01,1.484232579,0.949701412,Cluster 1
ALL,0.4271936,0.771425979,1.7750646,1.871333139,0.449255577,2.157070904,1.780185617,1.156246595,0.4271936,1.798486957,-1.83E-01,0.642065876,2.074706478,2.122383069,1.783625741,-1.43E+00,0.696392282,0.124793121,0.330267399,-5.17E-02,0.751923494,0.070380076,1.790570012,2.031326247,0.537639141,1.615576072,1.773367894,-1.14E+00,-7.56E-01,2.129118055,1.00293374,1.132559333,1.302123486,0.381025702,2.105954509,-8.22E-01,0.358998761,0.14377491,-2.97E-02,0.413366772,-1.56E-01,-2.25E-01,1.33012848,-2.97E-01,1.981348085,0.296841947,-8.22E-01,2.09320923,0.932184067,-3.40E-01,1.753394604,1.764960011,0.748662124,1.079097522,0.035344171,1.276691114,1.308304369,1.465454248,-2.81E+00,1.997888832,0.777833571,0.686790278,-1.00E+00,-8.79E-01,0.738694412,0.26228904,2.182992933,-1.21E+00,1.032740517,1.51452795,1.429374514,0.71148303,0.755192883,1.094327899,0.583933618,0.637320043,0.44052136,1.391353065,0.462519537,Cluster 1
AML,0.992522665,0.837769466,1.206404236,1.828524357,0.247578363,-3.32E-01,1.087633562,0.668652442,0.62787112,1.730943085,-5.76E-01,0.90643145,2.851712871,-4.49E-01,1.158651173,0.770006369,1.815580785,1.497587615,2.425444296,-1.06E+00,0.407246947,-4.38E-01,1.175323444,1.809221439,1.190541479,1.795835455,2.186818365,-1.33E+00,2.023093163,1.43133045,1.524005392,1.004970765,0.72788274,-1.21E+00,1.350414216,-3.61E-01,0.256470807,-1.84E-01,0.423921658,-6.73E-01,-1.10E+00,-1.99E+00,1.684844815,1.247835084,1.922317194,0.2184937,-4.49E-01,2.149923976,1.738861118,-1.76E-02,1.324190596,0.919499823,1.61947841,1.025575166,0.891421582,1.600207622,-5.64E-01,0.129046566,-3.80E-01,0.837769466,0.783556135,1.769989716,-2.26E+00,-1.08E+00,0.599642428,0.567747843,0.317298688,0.714202943,0.578313737,0.429505961,0.300150604,0.101790823,1.332260559,1.134564768,0.24015279,0.089075003,-1.15E+00,0.286752094,-6.73E-01,Cluster 2
AML,1.180601024,0.648994853,1.134899451,1.837960865,0.245222454,-5.79E-01,1.810125444,-1.89E-01,0.797976245,1.406790874,0.389925838,-1.55E-01,2.716742391,-1.38E-01,2.065715198,0.282358442,1.055482,0.845284475,2.761641597,-9.41E-01,0.760346871,0.360499221,1.197714469,1.811937904,1.306238527,1.743664769,1.906929885,-9.99E-01,2.567622325,1.059479633,0.816238282,0.980510766,0.833283093,-1.39E+00,1.971432485,-8.05E-01,0.844028665,-6.49E-01,0.229851297,-1.30E+00,-1.26E+00,-1.30E+00,1.716191018,1.161407491,1.815580785,-1.52E-01,-4.68E-02,2.023093163,1.877443844,-1.81E-01,0.30677783,0.745872989,1.792319642,0.961915566,1.830398651,1.643427223,1.028255986,0.640122657,-1.10E+00,1.622093734,0.623167649,1.712370309,-1.78E+00,-8.16E-01,0.742163141,0.816238282,2.160686092,-5.53E-01,-4.22E-02,1.234542066,-8.13E-01,0.299415064,0.850825957,1.4537224,0.599221618,0.101790823,-1.05E+00,0.404765132,-8.10E-01,Cluster 2
AML,0.801849672,0.776169285,1.049669463,1.751761419,0.489296518,-2.84E-01,0.82238632,-2.74E-01,0.54272465,1.668357525,0.028484268,0.71352247,2.352330447,-1.54E-01,2.175436537,0.548845859,1.550946213,0.903254577,1.792319642,-9.35E-01,0.668432613,0.456267679,1.321239085,1.622749302,1.421122171,1.694370096,1.802934429,-4.52E-01,2.171704442,0.892730182,1.447178906,0.997714685,0.842523448,-1.34E+00,1.813756336,-1.22E+00,0.595229193,-1.37E+00,0.350947523,-1.73E+00,-8.40E-01,-1.79E+00,1.634670646,1.397861773,1.799373607,0.261015549,0.583099883,2.012324701,1.566946374,-5.34E-01,0.051709717,0.2421437,1.727024426,1.189827543,0.997714685,1.582742569,0.982502904,0.355063886,0.222636782,0.604067374,0.789784679,1.506823906,-2.14E+00,-1.58E+00,0.67482085,1.041772464,2.025822289,0.55519279,-1.94E-01,1.061948153,-1.84E-01,0.232921071,1.505184626,1.352166478,0.79725131,-5.58E-02,-9.35E-01,-1.09E-02,-2.94E-01,Cluster 2
AML,1.217396222,1.209321155,1.379419453,1.632667599,0.369142756,-7.95E-01,1.022308584,0.016878085,0.637320043,1.666945114,0.644011523,0.806951881,2.851712871,-3.53E-02,2.062754871,0.493065064,1.53191442,1.098818173,2.139405257,-8.34E-01,0.567747843,0.574162616,1.180248162,1.778473426,1.510114667,1.795835455,1.947457828,-4.19E-02,1.968983615,1.357006732,1.661328465,1.061021701,0.935174428,-1.41E+00,1.845629671,-8.00E-01,0.225881857,-4.22E-01,0.451395805,-1.61E+00,-9.54E-01,-1.66E+00,1.900471281,1.414398074,1.911280224,0.107624288,0.030418963,1.976365996,1.707818205,-5.40E-01,0.535405922,0.776406908,1.929053467,1.204223264,0.959962828,1.462886689,1.013748524,0.704706145,-1.47E-01,1.264865675,0.945294891,1.766631617,-1.65E+00,-1.72E+00,0.611468713,0.747499278,0.838768728,0.578105945,-2.25E-01,0.747499278,0.097020572,0.423537023,1.49704827,1.366336541,0.897716871,0.121958749,-7.15E-01,0.198908746,-6.51E-02,Cluster 2
AML,-9.14E-01,0.134011877,0.80987688,2.068693738,0.474684422,-2.99E-02,0.932455573,0.498830607,0.671953767,1.75503248,-6.30E-02,0.333425261,1.456255781,-1.47E+00,2.74605302,0.439165736,1.370371681,0.863263321,2.149923976,-9.77E-01,0.538045468,0.061218371,1.7750646,1.88987992,1.528513125,1.746081761,1.973893235,-9.29E-01,1.871333139,0.859950656,1.618826307,1.086998545,0.888026343,-1.41E+00,1.945121015,-9.73E-01,0.609138985,-6.32E-01,0.492469566,-4.62E-01,-1.46E+00,-1.15E+00,1.90261534,0.878935764,1.596423985,0.374606108,-6.40E-01,2.059812512,1.627357923,0.309912025,0.890898569,0.538045468,1.873362276,1.022605095,0.656827396,1.56216381,0.87506197,1.152139944,-1.37E+00,1.720036946,0.888026343,1.954532813,-2.11E+00,-7.29E-01,-7.13E-01,-8.44E-03,2.702919731,-6.98E-01,0.805978415,0.979942298,1.061639235,0.293903644,1.53191442,0.952464876,0.710351286,0.419502118,-7.05E-01,0.361625098,-6.08E-01,Cluster 2
AML,1.117333229,1.075955906,1.103007643,1.900471281,0.127628496,-1.44E-01,0.880488978,-3.49E-01,0.712615687,1.701055696,0.419886099,-3.49E-01,2.320026228,-1.69E-01,2.202448981,0.576444504,1.780185617,1.360103523,1.949805325,-1.14E+00,-1.08E-01,0.035696003,1.649564102,1.486882417,1.556825787,1.724685902,2.080795173,-5.96E-01,2.214535311,1.378055085,1.781903043,1.168685145,1.168685145,-1.46E+00,1.922317194,-8.92E-01,0.180650537,-1.15E+00,0.478426392,-9.15E-01,-6.91E-01,-9.80E-01,1.797601718,1.594540706,1.801151164,0.213095301,-5.96E-01,2.03969937,1.515635892,-8.54E-02,0.854112782,0.731553702,1.841781729,0.989362894,0.720798001,1.549192755,1.075955906,1.091771905,-1.18E+00,1.843702287,0.589990405,1.871333139,-1.68E+00,-8.92E-01,1.028255986,0.772136366,2.369450071,-4.21E-01,-3.49E-01,0.931912629,0.538451885,0.517232757,0.954680896,0.543132096,0.501021872,-7.38E-03,-1.07E+00,0.431241739,-1.11E+00,Cluster 2
AML,0.614014024,0.499427987,0.850573505,1.685572116,0.469182011,-1.50E-01,1.577840189,0.072671396,0.441490158,1.802934429,0.476456102,-3.35E-01,2.618290873,-1.71E-01,2.438985152,0.946945181,0.268116165,0.946945181,2.425444296,-8.21E-01,0.05417444,-3.35E-01,1.51897093,-6.39E-01,1.566946374,1.505184626,1.942794775,-1.05E+00,2.062754871,1.040261246,1.390428049,1.115038841,1.144999689,-1.24E+00,1.781043674,-1.34E+00,0.254654398,-6.25E-01,0.281443787,-5.18E-01,-5.86E-01,0.90775785,1.834166647,1.498667615,1.865291523,0.196398924,-7.63E-01,1.991462406,1.436737703,-1.50E-01,1.339555324,0.723536171,1.830398651,0.995981028,0.51021162,1.51066472,0.812808824,0.846541619,-9.27E-01,0.846541619,0.584559186,1.58520809,-1.32E+00,-3.46E-01,1.055175188,0.587899423,1.729372434,-5.98E-01,0.136673217,0.922186167,0.568160992,0.400570799,0.573126383,0.66777332,-2.31E-01,0.174756633,-3.83E-01,0.3763039,-8.52E-01,Cluster 2
AML,0.134011877,0.746337441,0.983072802,2.001784652,0.284005419,-2.53E-01,1.298438708,0.704706145,0.662509371,1.618826307,-8.27E-02,0.910947747,2.099539239,0.875319814,2.91942273,-4.66E-01,1.407263942,0.704706145,1.81103093,-1.15E+00,0.27121552,-2.95E-01,1.773367894,1.49650936,1.303355681,1.716958174,1.802934429,-1.02E+00,1.954532813,0.988502852,1.841781729,1.132559333,0.910947747,-1.08E+00,1.88987992,-6.67E-01,0.364441803,-9.14E-03,0.699981527,-1.61E+00,-1.27E+00,-5.50E-01,1.877443844,1.593914201,1.690688358,0.48395313,-7.04E-01,2.074706478,1.684118405,0.031122516,1.096249595,0.883601799,1.75503248,0.988502852,0.797734553,1.23756121,0.75753311,1.027957752,-9.80E-01,1.832279397,0.618477925,1.819247921,-1.47E+00,-1.15E+00,0.561150553,0.440133956,3.526672849,-1.25E+00,0.174756633,0.163699467,0.72399306,0.146439897,1.961707008,0.535811763,0.404192759,-2.24E-01,-4.25E-01,0.900086793,-5.40E-01,Cluster 2
AML,-7.93E-01,0.762461149,1.322081199,1.915667038,0.509010527,-1.97E-01,1.751761419,0.442847173,0.715110755,1.103330712,-8.13E-01,0.299231205,2.53136229,0.305303959,3.003929536,0.579353074,1.571160718,0.821646917,0.020922326,-2.59E-01,0.430277258,0.821646917,1.565747373,1.885702097,1.350414216,1.727806037,1.763293322,-1.02E+00,1.642749157,1.037547022,1.627357923,1.006136654,1.209686494,-1.56E+00,1.845629671,-8.01E-01,0.339751008,-8.96E-01,0.329524852,-1.52E+00,-6.87E-01,-5.76E-01,1.839867939,1.822939686,1.263302266,0.074786799,-1.50E-01,2.001784652,1.487945281,-2.38E-01,0.401904592,0.265383579,1.824794925,0.981079551,0.766228306,1.199156479,1.260573705,0.042909594,-9.84E-01,1.170775878,0.828317823,1.521763091,-2.39E+00,-1.19E+00,0.908023322,0.899559707,1.841781729,0.360311619,0.255199232,1.270362108,0.126033473,0.59480949,1.102039125,0.715110755,0.824854252,0.270121334,-6.14E-01,0.708316436,-1.15E+00,Cluster 2
AML,0.210937687,1.017576572,1.144999689,1.929053467,0.591455628,-9.16E-01,1.512869515,0.377813959,1.02141959,1.738861118,-1.14E-01,-5.89E-01,2.761641597,-1.23E+00,2.445926897,0.56362166,1.322924251,0.953295335,2.244065821,-5.75E-01,0.643146491,-1.57E-01,1.648879155,0.394482485,1.010520972,1.771676278,1.70933164,-4.41E-01,1.947457828,0.831046186,1.732518018,1.152481423,1.075328856,-1.45E+00,1.865291523,-6.96E-01,0.122844384,-1.29E-01,0.339006101,-1.21E+00,-1.00E+00,-6.02E-01,1.712370309,1.553879286,1.845629671,-1.65E-02,-7.55E-01,2.045361931,1.628019126,0.027077285,0.928660715,0.765992541,1.710849,1.161062469,0.595229193,1.501375289,0.804276684,0.758235987,-1.43E+00,0.78164577,0.682123896,1.618174892,-2.24E+00,-1.40E+00,0.918427141,1.031542613,1.894090993,1.394600034,0.319518048,0.934902231,0.403429802,0.396573683,1.468031504,0.541299298,0.704931518,-4.71E-02,-1.05E+00,0.692365073,-9.72E-01,Cluster 2
AML,0.362939202,0.628085244,1.181307189,1.991462406,0.278884,0.524481202,1.281871343,0.561562166,0.937627321,1.669773271,0.752156755,0.90404794,2.139405257,0.608927356,0.55519279,0.618265079,0.9577356,0.790745636,1.730943085,-7.66E-01,0.886202371,-1.93E-03,1.519528415,1.494358053,1.240591678,1.364996427,1.650249824,0.06597472,-1.59E+00,1.292741629,1.390890408,0.950805926,0.618265079,-9.36E-01,1.894090993,-9.83E-01,0.410878739,-8.04E-01,0.549050253,-1.01E+00,-9.68E-01,-1.65E+00,1.326729677,0.370837093,1.588303607,0.514822654,0.214354366,2.036892439,1.547444046,0.530137975,0.965271679,0.752156755,1.064732996,0.992810409,0.906696603,1.797601718,1.142970309,1.107865831,-5.29E-01,1.291526272,0.387082045,1.437725365,0.586019735,-3.00E-01,0.852847528,1.145677199,0.203573181,-7.15E-01,0.549050253,1.17287174,0.577067358,-8.93E-02,1.210417656,0.662071538,1.295584912,-4.45E-02,-6.73E-01,1.045105549,-1.34E+00,Cluster 2
AML,1.519528415,0.547415745,1.216658844,1.841781729,0.460954887,0.079547693,1.227789814,-5.66E-01,0.643578947,1.676902704,-2.16E-01,0.177434916,2.812910953,-1.50E-01,1.898335924,-1.97E-01,1.522883284,1.395530445,2.640595126,-9.52E-01,0.65595513,0.624449043,1.343012953,1.573581498,1.252058731,1.785353749,1.917874343,-1.40E+00,1.999184069,1.108515567,1.009935275,0.968919781,0.868122024,-1.54E+00,1.764960011,-8.12E-01,0.715564882,-1.19E+00,0.530137975,-1.37E+00,-6.02E-01,-1.14E+00,1.799373607,1.595167837,1.857340473,0.460954887,-5.76E-01,2.164329741,1.360103523,0.643578947,1.097532979,1.004679506,1.90261534,1.040563299,0.75917374,1.726243869,0.904841872,0.285653166,-4.45E-01,0.636673998,0.646826215,1.909100539,-1.05E+00,-1.29E+00,0.828565601,0.455487454,1.475300188,-5.66E-01,-2.74E-01,0.8903758,1.08509612,0.431627644,0.927038435,1.003515322,0.541706429,0.279980827,-6.55E-01,0.21273563,-7.44E-01,Cluster 2
AML,1.61947841,0.980795119,1.295991951,2.086962,0.402476436,0.03446461,0.672394497,0.002461273,0.693259036,1.341282135,1.674040715,0.214354366,2.036892439,-6.12E-01,1.841781729,0.520652224,1.631335864,1.519528415,1.739658943,-4.40E-02,0.704706145,-5.60E-01,1.308718207,0.749127546,1.723132109,1.649564102,2.248448235,-1.26E+00,1.628681041,0.070027599,1.940479001,0.81085342,1.174972768,-1.66E+00,1.725464362,-9.65E-01,1.398328951,-1.14E+00,-1.24E-01,-2.09E+00,-5.87E-01,-6.12E-01,1.88987992,1.186977848,1.423055189,-2.54E-01,-5.29E-01,2.017679686,0.892992085,-1.50E-01,0.462323894,0.676809007,1.870321454,1.395996104,1.042983154,2.007026806,0.799911458,0.635597844,-3.39E-01,1.720036946,0.608292632,1.380330459,-1.75E+00,-7.51E-01,0.422191291,0.652688564,0.176006341,-5.49E-01,-3.65E-01,0.746802055,-4.98E-02,0.616563321,0.76481435,-3.01E-01,-4.97E-01,0.476456102,0.275230325,0.410304939,-1.96E-01,Cluster 2
AML,1.636680274,1.357006732,1.229659818,1.924552925,0.439940279,-5.41E-01,1.423539276,0.361249755,0.987357264,1.665536021,0.754257949,0.553347839,2.872848475,-8.29E-01,1.644785627,0.47448766,1.679778495,1.419194448,2.761641597,-5.60E-01,1.087315999,-9.32E-01,1.161752652,1.810125444,1.291526272,1.845629671,2.056887879,-1.21E+00,1.922317194,1.534191834,1.027063599,0.759877493,1.094008009,-7.18E-01,1.60084046,-1.11E+00,1.166599508,-9.61E-01,0.493263602,-5.41E-01,-6.73E-01,-1.76E+00,1.740457876,1.203497545,1.959304392,0.294087214,-4.29E-01,2.025822289,1.289101265,0.222096164,1.030645156,0.80039573,2.051090845,1.269968233,0.877384666,1.685572116,0.48099055,0.725135944,-9.61E-01,0.590618202,0.691918299,1.795835455,0.990510758,-1.17E+00,0.998003919,0.420654248,0.320628319,-1.13E+00,-1.48E-01,1.030645156,0.759877493,0.303646646,0.607869618,1.183075184,0.282724371,0.13844798,-4.18E-01,0.444205004,-1.95E-02,Cluster 2
ALL,-1.26E+00,0.177613513,1.597053005,1.865291523,0.731094293,1.52907878,1.832279397,0.766464114,0.686790278,1.823866521,-6.88E-01,0.72285112,1.945121015,1.783625741,-3.43E-01,0.051181604,0.368954562,0.241238623,0.320443246,-2.63E-01,1.843702287,-4.45E-01,1.839867939,1.949805325,0.813542902,0.987929896,1.339124246,-4.45E-01,-1.43E+00,1.911280224,-2.38E-01,1.071887612,1.481593122,-1.30E+00,2.020379024,-6.78E-01,1.064423162,0.49167584,1.075955906,-1.64E+00,-1.55E-02,-1.65E+00,1.56216381,-3.92E-01,2.109194924,0.362751435,-6.88E-01,2.19067607,0.788824451,0.580184993,1.461862361,1.472175511,0.314711407,1.193761724,0.757767361,1.538770685,1.401138452,1.262521718,-2.92E-01,1.742059083,0.842774185,1.281871343,2.157070904,-6.44E-01,1.326729677,0.339751008,-6.96E-01,-5.90E-01,0.75893924,1.491678608,1.4446786,0.981079551,0.006504832,0.916552487,1.00293374,0.653123703,0.362751435,1.30294473,0.487315864,Cluster 1
ALL,0.452369319,0.672835357,1.605288381,2.139405257,0.047133197,0.184404461,1.657150116,1.066904708,1.672614847,1.841781729,-7.29E-01,1.658539684,2.438985152,1.378964378,-7.63E-01,0.455682484,0.985927099,-9.79E-02,1.284273861,-5.95E-01,0.706284514,-1.95E-01,1.689954755,1.883625468,1.251289134,1.696590211,1.568147632,0.022504945,-9.23E-01,1.634002235,1.063184843,1.116021431,0.954680896,-1.56E+00,1.920091031,-6.64E-01,1.089541248,0.303094393,0.548232816,-6.76E-01,-8.65E-01,0.083604688,1.563356101,0.047133197,1.836060452,0.713749258,-3.00E-01,2.175436537,0.929743594,0.059633234,1.161752652,0.480793195,0.403429802,0.900086793,0.457633741,1.462886689,0.993098234,1.047536921,-9.35E-01,1.171124831,0.415665691,0.743089644,1.857340473,-5.95E-01,1.360103523,0.348517924,-1.24E+00,-8.49E-01,0.616350726,1.176376339,0.444010978,0.652036087,0.108508461,0.459586742,1.428886384,0.444010978,-2.79E-01,1.050584873,-8.09E-01,Cluster 1
ALL,-1.44E+00,0.132947608,1.177078995,2.198490744,0.550686229,0.637104665,1.947457828,1.353044168,1.579062229,1.891981263,-1.15E+00,1.640719477,1.952163615,1.648879155,-9.03E-01,0.336586451,0.079900422,0.275230325,0.176899158,-9.33E-02,1.449185684,-3.99E-01,2.014994971,1.604014306,1.177078995,0.672835357,1.653000501,0.196936639,-1.45E+00,1.877443844,-3.45E-01,1.260573705,1.748508996,-9.24E-01,2.077741197,-3.33E-01,1.074702229,1.308718207,0.612740872,0.373474847,0.181544096,-6.33E-02,1.542226115,-1.73E-01,1.151116313,0.325814834,-5.54E-01,2.467490152,-1.90E-01,0.123198665,1.164172662,0.708542385,0.275230325,1.000320806,0.631086008,1.60274283,1.25167384,1.394135281,-8.78E-01,1.855370942,0.525086479,0.135608566,1.637351621,-9.97E-01,0.802092161,-1.67E-01,-2.78E-01,-8.46E-01,0.594389892,1.298847258,0.883861587,0.887504906,-6.18E-01,0.783556135,1.027957752,0.387840083,0.26392701,0.656391201,0.017405578,Cluster 1
ALL,0.474684422,-2.53E-01,1.565148716,2.09320923,0.692141669,1.952163615,1.778473426,0.573748049,0.810365053,1.851453333,-8.51E-01,0.934358046,2.046787871,1.432310475,-7.98E-01,0.492271105,0.780930119,0.334354675,-1.41E+00,-6.65E-01,2.014994971,-2.21E-01,1.894090993,2.20644203,1.091452907,1.104300611,1.233036704,0.500424016,-1.50E+00,1.981348085,0.657918433,1.451198316,1.461862361,1.388120699,1.988914703,-8.90E-01,0.836272138,-4.00E-01,0.828565601,-1.49E+00,-8.26E-01,-8.14E-01,1.520086372,-1.72E-01,2.046787871,0.328968062,-6.55E-01,2.160686092,0.449255577,0.384809264,1.133227305,0.752390057,0.897979946,1.150434562,0.921379566,1.490076067,0.856140037,1.173221552,-6.98E-01,1.986379845,0.825101322,0.987357264,-1.90E+00,-1.03E+00,1.681221615,0.252838828,0.083428269,-4.63E-01,0.641201924,1.491144002,1.001771592,0.858170816,0.147150735,0.454512562,0.308068014,0.616988593,0.080605911,1.473215473,0.470949086,Cluster 1
ALL,0.577067358,0.201958072,1.454734632,2.115742999,0.34217326,1.795835455,1.585825979,0.747034422,0.66185267,1.915667038,-5.84E-02,0.869147522,2.09320923,1.495432841,1.10884061,0.43607019,1.161407491,0.556013375,-1.24E+00,-2.29E-02,1.657150116,-6.24E-01,1.830398651,2.135951027,0.954958228,1.441690105,1.282671359,0.40266708,0.379135967,1.80651826,1.329277339,1.22183446,1.266040264,1.616874117,1.988914703,0.243773341,1.069081462,0.452953634,0.984213559,-6.49E-01,-3.79E-01,-1.50E+00,1.664130227,-1.44E-01,2.11245764,0.991085179,-9.52E-01,2.226954069,1.539920453,0.854872591,1.203497545,0.711030224,0.943372799,0.743553134,0.740543292,1.274707812,1.157276309,1.223319233,-8.86E-01,1.813756336,0.437810919,1.133227305,-7.54E-01,-1.39E-01,1.524567166,-1.88E-01,0.427001007,-7.40E-01,0.881266383,1.233036704,1.070951292,0.559710656,0.457438537,-1.92E-01,0.667114316,0.455682484,0.357686521,1.299665007,0.301070258,Cluster 1
ALL,0.296658228,0.096490682,1.011400169,2.009668702,0.507010336,-5.04E-01,1.915667038,1.566946374,1.674040715,1.875399154,-1.30E+00,1.627357923,2.065715198,1.727024426,-6.63E-02,-2.84E-01,0.310465434,-2.04E-01,1.336542982,-6.89E-01,1.616874117,-3.56E-01,1.98009795,1.769989716,1.016691854,0.802334696,1.626037648,0.059809353,-7.49E-01,1.847563935,-5.44E-01,1.295991951,1.658539684,-1.22E+00,2.056887879,-6.78E-01,1.164172662,0.723307783,-3.91E-01,0.330081745,0.3975248,-9.02E-01,1.573581498,-4.69E-01,1.196274944,0.510411874,-3.12E-01,2.261861048,-4.31E-01,0.243592238,1.326305903,0.885942044,0.405528501,1.345616751,0.456657895,1.58520809,1.528513125,1.558008181,-9.74E-01,1.865291523,0.464085321,0.621460714,1.400200724,-8.50E-01,1.179190457,0.401332879,-1.04E+00,-7.36E-02,0.577482718,1.419675884,0.78786495,0.577482718,0.03639968,1.028554311,1.096891061,0.253928069,0.420654248,1.110141958,-1.29E-01,Cluster 1
ALL,0.514421261,0.014064867,1.571160718,2.053980734,0.536014716,1.437725365,1.885702097,0.523271223,0.663166359,1.743664769,-6.70E-01,0.350573604,1.959304392,0.814522355,-8.51E-01,0.481977606,0.8566474,-1.63E-01,-1.26E+00,-1.03E+00,1.248601364,-2.91E-01,1.847563935,2.182992933,1.046624431,0.965832089,1.759974563,0.477046995,-1.47E+00,1.913469028,0.663166359,1.506277029,1.307477363,1.349102736,2.042522464,-5.21E-01,0.96107823,-6.97E-01,0.448672236,-1.01E+00,-1.69E-01,-6.36E-01,1.552704453,-8.68E-02,1.942794775,0.244316698,-6.09E-01,2.15348369,0.277422086,0.205727486,1.045105549,0.611044879,-2.82E-01,1.198795743,0.631515152,1.671192373,0.778547496,0.894827128,-7.17E-01,1.906929885,0.533986172,0.456267679,-2.24E+00,-2.47E-01,0.647476486,0.554372579,-1.28E+00,-2.10E-01,0.402476436,1.46596892,0.844028665,0.950529689,0.508610326,0.593760691,0.124970302,0.728341073,-3.41E-01,1.131224902,0.350573604,Cluster 1
ALL,-1.06E+00,0.199446727,1.148732518,1.945121015,0.426615867,1.270756181,1.90476818,0.796768253,1.110793337,1.665536021,-3.22E-01,1.49650936,2.125738509,1.90261534,-1.14E+00,0.452174582,-1.01E+00,0.247215826,-1.12E+00,-1.11E+00,1.355242965,-5.57E-01,1.915667038,1.959304392,1.264474533,1.313285305,1.576011535,0.22967079,-1.64E+00,1.815580785,-9.19E-01,1.323768246,1.935878429,-1.05E+00,2.017679686,-9.15E-01,0.989362894,0.12266725,0.76128613,-1.69E+00,0.174578126,-9.35E-01,1.724685902,-1.11E-01,1.591414418,0.28034651,-5.73E-01,2.235428129,0.309543139,0.192636506,1.222205401,1.331833659,-1.06E+00,1.206404236,0.851331024,1.692894647,1.121280209,0.681680254,-1.35E+00,1.961707008,1.114711551,-1.02E+00,-1.96E+00,-9.49E-01,1.1517986,0.759642867,-8.34E-01,-2.28E-01,0.273039886,1.542226115,1.013160912,1.03184195,0.723536171,0.648127032,0.409731274,0.599221618,0.397715067,1.558600196,0.207343841,Cluster 1
ALL,-1.49E+00,0.365193411,1.124582752,2.03969937,0.333239412,-4.24E-01,1.917874343,1.533052133,1.46596892,1.751761419,-1.57E+00,1.466999432,2.014994971,1.187333532,-7.52E-01,0.340682406,1.095929031,-2.88E-02,0.347023808,-7.99E-01,1.843702287,-5.14E-01,1.900471281,1.830398651,0.869147522,1.30541375,1.557416712,0.756596522,-1.33E+00,1.909100539,1.12557591,1.429862986,1.612342814,0.547824235,2.11245764,0.242505787,1.004097244,1.536477233,0.543539632,0.527711577,-3.52E-01,-1.43E+00,1.643427223,-1.87E-01,1.799373607,0.524481202,-5.73E-01,2.304740855,0.68523316,0.389167186,0.72582213,0.813053468,-1.31E+00,1.005553539,0.211476998,1.415354745,1.147033797,1.430840953,-7.45E-01,1.715424871,0.621034263,0.301622172,1.988914703,-1.29E+00,1.836060452,-1.16E+00,-1.30E-01,-5.39E-01,0.978806311,1.055175188,0.75917374,0.879453266,-6.44E-01,1.100749374,1.149412936,0.512215079,-2.93E-01,1.210417656,-4.92E-01,Cluster 1
ALL,-3.50E-01,0.287118481,1.169729872,2.031326247,0.487117904,0.636673998,1.931318469,1.575403153,1.531346307,1.885702097,-1.56E-02,1.219242569,1.954532813,1.257466798,0.683677702,0.471145519,-1.09E-02,0.22119528,0.849312058,-2.09E-01,1.10107164,-2.88E-01,1.946288093,1.790570012,1.196994396,1.370821409,1.606565068,-9.81E-01,-7.95E-01,1.743664769,0.438004415,1.214450669,1.375786824,-1.50E+00,1.981348085,-4.32E-01,0.475471651,0.901669554,0.779738254,-5.62E-01,-9.58E-01,0.540078442,1.452711656,-1.86E-01,1.318299038,0.484743868,-7.95E-01,2.248448235,0.66185267,-2.83E-01,1.221093083,1.775914873,0.840769771,0.88204432,0.22119528,1.499749365,1.255917887,0.991372512,-8.31E-01,1.549776712,0.39239301,0.450422718,0.83005334,-2.11E-02,1.582742569,0.060161596,0.601748076,-3.34E-01,1.084146379,1.403959056,0.673938081,0.465848189,0.245947203,0.475471651,1.124582752,-1.22E-01,-4.89E-01,0.76481435,-8.87E-01,Cluster 1
ALL,-1.30E+00,0.141998821,1.046016589,2.024455841,0.385945406,-3.28E-01,1.879496413,1.457780307,1.538770685,1.797601718,-1.01E-01,1.60274283,1.973893235,1.039355654,-4.62E-01,0.396573683,0.159424715,0.082193407,-1.75E+00,-7.15E-01,1.498667615,-4.62E-01,1.781903043,1.863292698,0.953018442,1.545700057,1.419194448,0.345343854,-1.26E+00,1.987645678,1.105271551,1.280672854,1.615576072,-1.81E+00,2.059812512,-2.66E-01,1.622093734,1.612988118,0.756596522,-1.60E+00,-5.48E-01,-1.53E+00,1.583974126,-8.29E-02,1.016691854,0.128337499,-7.46E-01,2.226954069,0.58727263,0.307699338,0.04783721,0.630013655,-7.25E-01,0.368390058,0.185835208,1.463912555,1.555645566,1.180248162,-1.37E+00,1.720036946,0.483557874,0.270303676,1.548026423,-2.26E-01,1.69733211,-5.73E-02,-4.69E-01,-3.16E-01,1.135904264,1.235295796,0.515023382,0.593760691,0.079018618,0.943098499,1.494358053,0.2770567,-5.33E-01,0.899559707,-6.64E-01,Cluster 1
ALL,0.973145218,0.987357264,1.648879155,1.945121015,0.5327701,1.24975216,1.58892454,0.390305248,1.12690185,1.764960011,0.075492007,0.29482159,2.363666276,1.837960865,1.610410922,-5.84E-01,0.972016738,0.689240549,0.163877646,-1.74E-01,0.845033207,0.001758051,1.821090701,1.949805325,0.92595827,1.451198316,1.70933164,-7.18E-02,-1.83E-01,1.769989716,1.24975216,0.8903758,1.379419453,-8.99E-01,2.020379024,-6.78E-01,0.631944412,-6.91E-01,0.776644576,-1.10E+00,-1.03E+00,-1.55E+00,1.353483404,-2.40E-01,1.999184069,0.29482159,-6.56E-01,2.059812512,1.174972768,-1.74E-01,1.259407191,1.569351157,0.918695212,1.186622313,0.624235406,1.477915133,0.78164577,1.092410235,-4.91E-01,1.097211964,0.659665722,0.320073134,0.504812465,-1.24E+00,1.674040715,0.554987702,-3.06E-01,-6.03E-01,0.788824451,1.209686494,0.119833615,0.645093492,1.073137503,0.444593105,1.037547022,0.05452657,-1.74E-01,1.01022808,0.075492007,Cluster 1
ALL,-1.19E+00,0.73846348,1.654380542,2.244065821,0.730405469,2.025822289,2.009668702,0.91174667,0.813053468,1.924552925,-1.63E-01,0.762461149,1.959304392,2.105954509,-4.80E-01,0.34459752,0.194786122,0.074081628,-1.18E+00,-3.05E-01,1.373525618,-6.50E-01,1.853408582,2.034101466,0.754725334,1.364104377,0.970326335,0.217593529,-1.20E+00,2.142885205,0.578313737,1.065663114,1.380786393,1.194479017,1.976365996,0.237620279,0.914413961,0.44052136,1.322924251,0.361812789,-1.05E-03,-6.73E-01,1.470100352,-2.68E-01,2.168002353,0.861223639,-7.89E-01,2.122383069,0.906696603,0.697064581,1.644785627,1.312037018,0.918695212,0.928390165,0.204650214,1.06349427,1.407737325,1.379874813,-1.50E+00,1.851453333,0.433944426,0.999741081,0.452174582,-3.80E-01,0.998003919,-2.67E-02,-4.93E-01,-7.58E-01,0.869404039,1.289101265,1.458798542,1.037848225,0.15372956,0.528924386,0.956901613,1.462886689,-1.35E-01,1.530778687,-1.54E-01,Cluster 1
ALL,0.036223759,0.525893815,1.212981836,2.020379024,0.531554815,-4.87E-01,1.57176505,1.062566295,1.647511577,1.834166647,-5.24E-01,1.389965987,2.202448981,0.302726277,-1.66E-01,-8.40E-01,1.278281378,0.008614554,1.036343151,-6.53E-01,1.857340473,-4.41E-01,1.635339789,1.773367894,1.252058731,1.086998545,1.633334553,0.225160525,-1.20E+00,1.53191442,-1.96E-01,1.154533124,1.309546558,0.596488931,1.978850901,-4.87E-02,1.433783096,1.301303119,0.541502852,-1.59E+00,0.442459371,-1.18E+00,1.527947959,1.149412936,1.638023707,0.726050934,-7.39E-01,2.214535311,1.016691854,0.628727788,1.491144002,1.077839599,0.502218121,1.009642556,0.113992255,1.513421864,1.168685145,1.200239626,-9.14E-01,1.401138452,0.684566333,0.726050934,2.007026806,-6.53E-01,1.88987992,-4.77E-01,-4.87E-01,-6.73E-01,0.318408172,0.978238791,1.251289134,0.834278613,0.646609518,0.473307478,1.003515322,0.644660614,0.962474166,0.913079503,0.043437501,Cluster 1
ALL,0.17172276,0.61358953,1.247835084,2.132522095,0.504413115,1.894090993,1.783625741,0.839268674,1.000900868,1.996596937,-8.77E-02,1.3378325,2.034101466,1.959304392,0.452369319,-2.59E-01,0.841020138,-1.87E-01,-2.09E-01,-4.38E-01,1.841781729,-3.95E-01,1.740457876,2.102736056,0.540281862,1.252058731,1.505184626,0.353940648,-1.52E+00,2.056887879,0.943098499,1.233789036,1.208955977,1.331407001,1.920091031,0.277787509,1.268001803,0.282907349,1.222576509,0.675262432,0.126742332,0.418926261,1.457271755,-3.58E-01,2.105954509,0.87043068,-9.39E-01,2.214535311,0.881007189,0.69818578,1.80831891,0.888287151,1.059171522,0.892992085,0.802334696,1.17287174,1.423055189,1.301713193,-6.72E-01,1.891981263,0.301806164,0.599852873,1.326305903,0.016174769,1.751761419,-2.71E-01,-7.84E-01,-1.93E-01,1.024683196,1.376693278,1.311205961,0.868891062,0.403811252,0.548845859,0.894302523,0.766228306,1.07941227,1.607844378,0.518036792,Cluster 1
ALL,-5.64E-01,0.139513047,1.58892454,2.179199181,0.720798001,1.877443844,1.785353749,1.213715925,1.400669434,1.871333139,-1.22E+00,1.12657018,1.869311679,2.058347995,1.857340473,0.063508285,0.398095643,0.177077738,-4.20E-01,-5.13E-01,1.654380542,-3.63E-01,1.817411298,2.053980734,0.952464876,0.841270557,1.569351157,0.679021213,-1.10E+00,1.834166647,0.537842293,1.085729825,1.634670646,1.250136127,1.922317194,-1.33E-01,0.7526234,-3.15E-01,0.988502852,-4.38E-01,-2.29E-01,0.452564073,1.524005392,-4.51E-01,1.935878429,0.611256782,-5.93E-01,2.186818365,0.779261818,0.688349063,1.411059874,1.277088377,1.086998545,1.016986672,0.471145519,1.137917338,1.617524162,0.854619266,-8.94E-01,1.933593424,0.693929872,-1.54E-01,1.189114214,-6.70E-01,2.071690746,0.098257087,0.101790823,-5.93E-01,0.9149482,1.475300188,1.210417656,0.64444422,0.781407175,0.751457095,1.001771592,0.950805926,-7.17E-01,1.40915937,0.528924386,Cluster 1
ALL,-1.99E-02,-1.79E-01,1.215922127,2.257344867,0.523069634,-7.87E-01,1.604014306,0.385756014,1.350851893,1.830398651,0.291518142,0.609774037,2.182992933,1.016986672,1.108515567,0.270303676,0.93899248,0.15533081,0.291518142,-6.68E-03,0.704931518,-4.88E-01,1.917874343,1.751761419,1.269181072,1.439704906,1.730943085,0.308252368,-1.01E+00,1.436737703,1.681221615,1.239832993,1.083830016,-1.26E+00,2.017679686,0.007911309,0.828317823,-2.94E-01,0.731323978,-7.36E-01,-9.95E-01,0.353566334,1.769989716,1.591414418,2.007026806,0.755192883,-9.40E-01,2.186818365,0.613377324,0.437230529,1.112097511,-1.47E-01,0.848051961,0.699981527,0.729487576,1.298847258,1.248218133,1.277883509,-1.45E+00,1.947457828,0.549254669,1.675469994,1.638023707,-1.16E+00,1.05272426,0.116646924,-1.15E-01,-3.81E-01,0.289867612,0.96387198,1.012867237,0.689240549,1.03214138,-3.32E-01,1.006720112,1.145338378,-9.30E-01,0.882303751,-1.13E+00,Cluster 1
ALL,-1.45E+00,0.400380316,1.959304392,1.991462406,0.718975553,-4.71E-01,1.748508996,0.452758845,0.830797898,1.662727715,-8.42E-01,1.089223025,2.15348369,-1.29E+00,0.267569488,0.629799272,0.61762671,0.131528816,-4.48E-01,-4.56E-01,-4.18E-01,-2.55E-01,1.738861118,1.929053467,1.15077537,0.950805926,1.1302254,-6.52E-01,-1.04E+00,1.504094016,0.380647646,1.438219722,1.247835084,0.479215028,1.881556931,-2.09E-01,0.745872989,0.135431139,0.519243473,-4.48E-01,0.021977399,0.062451361,1.423055189,-1.09E-01,2.074706478,0.417199524,-8.55E-01,2.102736056,0.653994353,0.853353466,1.620784687,1.515635892,0.735695355,1.022308584,0.600484368,1.331833659,1.173571507,1.198435162,-1.34E+00,1.428398594,0.466436134,0.235631518,0.67041224,-1.27E+00,1.509565071,0.154085359,0.253383411,-7.04E-01,0.916017462,1.569351157,0.894564795,0.479215028,0.321183602,0.613165146,0.682345768,0.486326254,-2.96E-01,1.438219722,0.301254219,Cluster 1
ALL,-1.21E+00,0.101967543,1.790570012,2.125738509,0.60427838,-1.41E-01,1.780185617,1.324613184,0.875577717,1.933593424,-1.50E+00,1.382613002,1.956913034,2.096363735,0.847800103,0.506410674,0.389167186,0.190845839,-1.45E+00,-1.01E+00,0.835773446,-3.21E-01,1.720036946,1.964121002,1.240971288,1.170427067,1.472695293,0.256289128,-1.19E+00,1.763293322,0.750990859,1.145338378,1.602108062,0.335470354,1.815580785,-6.77E-01,0.547007347,-5.62E-01,1.019348402,1.115366252,-5.62E-01,-1.66E+00,1.364550266,-5.55E-01,2.036892439,0.492271105,-1.71E-01,2.056887879,0.676587969,0.19389034,1.666945114,1.53191442,1.009349924,1.039959287,0.16405583,1.480540223,1.505730603,1.000030902,-7.82E-01,1.877443844,0.686790278,0.474290917,0.799669393,-1.18E+00,1.661328465,0.19389034,-7.07E-01,-8.15E-01,0.835773446,0.901405604,1.129227025,0.680571735,1.346922077,-5.08E-01,0.504013845,0.863008165,-7.66E-01,1.425964726,0.522062009,Cluster 1
ALL,-9.21E-01,0.331381561,1.439209492,2.168002353,0.645743036,0.888287151,2.012324701,1.149753345,1.234542066,1.894090993,0.103734917,1.550361197,2.179199181,2.014994971,0.307699338,-2.01E-01,1.057324962,-3.38E-02,0.017229746,0.04783721,1.631335864,-5.86E-01,1.746889696,2.096363735,0.731783464,1.355683512,1.309546558,1.058247791,-9.44E-01,1.776766432,0.236173815,0.922724235,1.536477233,1.016691854,1.926798318,0.077431524,1.1170051,0.624235406,1.219982273,0.149639255,-8.45E-01,-3.07E-01,1.639370103,-3.29E-01,1.790570012,1.019939723,-8.58E-01,2.146391298,0.851836308,0.568574239,1.395530445,0.601537391,0.708994393,0.415665691,0.576029392,1.022901696,1.281072145,0.65857343,-8.86E-01,1.811937904,1.218503532,0.75870478,-5.65E-01,-1.25E+00,1.029449837,0.552118917,0.064917628,0.030243077,1.061330417,1.157276309,1.200600988,0.746569728,0.870173934,-1.97E-01,0.99425036,1.233789036,0.056287321,1.646147073,0.422767939,Cluster 1
ALL,-1.29E+00,0.975971855,1.952163615,2.363666276,-5.22E-01,2.15348369,1.535333531,1.057940081,1.36992223,1.537622948,1.234542066,1.56216381,1.790570012,1.610410922,-9.78E-01,0.249028835,0.884901337,0.20141982,-1.26E+00,-6.68E-03,1.536477233,-2.91E-01,1.707818205,2.202448981,0.00298869,1.527947959,0.993386142,0.426615867,-1.37E+00,0.9686387,0.399618527,0.812808824,0.41049619,-4.90E-01,2.014994971,0.596698979,1.402077414,1.36143472,1.246304719,0.436263539,0.128869293,-1.66E+00,1.41058427,-2.74E-01,-4.81E-01,0.977955149,-8.05E-01,2.105954509,1.183429227,0.537639141,0.930014484,1.288294611,-1.20E-01,-1.39E+00,0.757767361,1.260962925,1.199878421,0.095430984,-1.28E+00,2.149923976,0.72285112,0.716700846,-1.55E+00,0.055406924,1.310375808,0.215253906,0.259742482,0.0888985,1.136574777,1.441690105,0.660102859,0.835025796,1.125244734,0.548845859,1.30294473,0.835025796,0.516830865,1.767469274,0.958291961,Cluster 1
ALL,0.289500935,0.619755588,1.830398651,2.160686092,0.558477381,1.947457828,1.968983615,0.605333816,1.203860326,1.667650903,-7.38E-01,1.250136127,2.025822289,0.409157744,-1.93E-01,0.520450911,0.141466082,0.113461418,-1.02E+00,-2.16E-01,1.099139755,-1.18E-01,1.763293322,2.096363735,1.10656776,1.737268782,1.326305903,-1.22E+00,-1.46E+00,1.881556931,-2.11E-01,1.172172547,1.574188136,1.509565071,1.986379845,-1.02E+00,1.23756121,0.265201477,0.919231553,0.970326335,-9.97E-02,0.39524272,1.706308673,-7.19E-01,2.048217985,0.243230056,-5.81E-01,1.933593424,0.958570253,0.040270236,0.583725146,1.826656465,0.108154782,1.533052133,0.313972571,1.570556959,1.535905131,0.665139042,-1.32E+00,1.981348085,0.51522413,0.509610982,-1.54E+00,-7.75E-01,0.857916775,-1.32E+00,0.169582155,-8.46E-01,0.19550286,1.319557661,-1.59E-01,0.591246233,0.305856582,0.527307479,0.826337426,0.580393036,-8.86E-01,0.539875044,0.009317802,Cluster 1
ALL,0.254836001,0.40705595,1.251289134,2.028566586,0.310834425,-5.61E-01,1.909100539,0.694153554,1.705555362,1.849505137,-6.04E-01,1.190541479,1.911280224,1.182721289,-6.98E-01,-7.51E-01,0.077431524,-4.57E-03,0.749360318,-2.81E-01,1.746889696,-2.90E-01,1.999184069,1.973893235,1.178486052,1.073137503,1.482647665,-3.56E-01,-1.45E+00,1.917874343,-9.48E-01,1.350414216,1.253985974,-1.29E+00,2.115742999,-1.05E+00,0.746569728,0.63925978,1.005845054,-1.19E+00,-4.94E-01,-7.80E-01,1.46596892,-2.42E-01,0.809632865,0.541910028,-7.97E-01,2.239726087,-1.04E-01,0.215613771,0.630228068,0.667114316,-1.00E+00,1.252058731,1.156246595,1.591414418,1.730943085,1.333542719,-6.98E-01,1.875399154,0.635167589,0.546190823,0.183152867,-8.85E-02,1.498127397,0.318778087,-3.76E-01,-3.98E-01,0.657263717,1.458798542,0.89535198,0.420846324,0.739618536,0.558271918,0.983643021,0.128160242,-3.44E-01,0.977388101,-2.42E-01,Cluster 1
ALL,0.046957197,-1.64E-01,1.643427223,2.231171072,0.456072596,1.875399154,1.947457828,0.80039573,0.697064581,1.871333139,0.227685703,1.038752399,1.986379845,1.457780307,-3.49E-01,0.471145519,0.680350132,-1.81E-01,-1.36E+00,-5.52E-01,1.395530445,-7.18E-01,1.799373607,2.294842015,0.954403637,1.267609105,1.324613184,0.824607233,-1.51E+00,1.873362276,1.046624431,1.307890754,1.197354355,0.766228306,2.007026806,-1.42E-01,1.399732321,-2.64E-03,0.80622171,-1.32E+00,-8.36E-01,0.116646924,1.53021156,-3.30E-01,2.053980734,0.612528777,-9.51E-01,2.20644203,0.926768293,0.627657025,1.243252714,0.335470354,0.169403807,0.204291177,0.813053468,1.339986652,1.25282907,1.369024157,-1.56E+00,1.968983615,0.677472321,0.751457095,-2.34E+00,-4.62E-01,1.574188136,0.144130182,-4.93E-01,-8.08E-01,0.67482085,1.341282135,0.996847482,1.104947789,0.328040303,0.726508657,0.91896335,0.804762655,0.313972571,1.511766199,0.518237853,Cluster 1
ALL,0.314526682,0.462715198,1.469065142,1.959304392,0.301806164,1.945121015,1.710849,0.504413115,1.297622259,1.898335924,0.12107321,0.349452141,2.222776301,1.794074777,0.095077775,0.527307479,0.455877531,0.299415064,-1.48E+00,-7.75E-01,1.964121002,-1.53E-01,1.804723447,1.824794925,1.164172662,1.218134263,1.448683443,-8.58E-01,-1.42E+00,1.56874911,0.630871479,1.182013943,1.116021431,-5.80E-01,1.855370942,-5.72E-01,0.983072802,-7.07E-01,0.89325405,-8.80E-01,-2.20E-01,0.237258616,1.538770685,-1.12E-01,2.099539239,0.437230529,-9.15E-01,1.991462406,0.401714006,0.179221144,0.9577356,1.797601718,1.050890205,1.136910225,0.687235475,1.574188136,1.08193411,1.053948932,-1.26E+00,1.620784687,0.763166665,-2.65E-02,1.133561481,-6.47E-01,0.590199645,0.767171795,-5.94E-01,-4.02E-01,0.795802696,1.48370386,1.24975216,0.494653914,0.890898569,0.541910028,0.88906994,0.233824362,-3.88E-01,0.881525636,0.667333952,Cluster 1
ALL,-1.31E+00,0.647042941,1.634002235,2.164329741,0.419886099,2.048217985,1.635339789,1.310790772,1.075328856,1.909100539,-8.83E-01,1.057940081,1.922317194,1.964121002,0.24739709,0.551504769,0.505811195,0.038686757,-2.08E-01,-3.12E-01,1.668357525,-4.16E-01,1.740457876,1.981348085,0.834029656,1.305001694,1.400200724,-6.24E-01,-9.03E-01,1.956913034,0.042909594,1.243633582,1.403959056,-4.35E-01,1.776766432,-8.02E-01,1.046016589,-7.70E-01,0.891944838,0.826584798,-3.24E-01,0.398666616,1.666945114,-1.89E-01,2.261861048,0.390874469,-8.09E-01,2.11245764,1.11177129,0.588526447,1.642071845,1.213715925,0.726508657,0.836771039,0.227685703,1.245158858,1.639370103,0.867609617,-1.54E+00,1.813756336,0.657700163,1.046928498,2.149923976,-8.49E-01,1.442684839,0.082369808,-1.65E-01,-7.47E-01,0.972580823,1.299256024,1.042983154,0.347957539,0.577690435,0.065093805,0.600063345,0.480201242,-4.40E-02,1.58892454,0.808413516,Cluster 1
ALL,-1.49E+00,0.490287565,1.378964378,2.020379024,0.604067374,1.964121002,1.924552925,0.23960998,0.703129529,1.761631517,-1.00E+00,1.160717585,1.988914703,1.804723447,-7.62E-01,-2.07E-01,0.331753039,-1.32E-01,-3.20E-01,-3.39E-01,0.760346871,-3.34E-01,1.863292698,2.132522095,0.827327219,-4.97E-01,1.723132109,-1.51E-01,-1.36E+00,1.825724904,-8.94E-01,0.968919781,1.483175556,-1.45E+00,1.908014088,-7.19E-01,0.585393633,-5.46E-01,0.596068913,-1.51E+00,-8.09E-01,-1.28E+00,1.583974126,-2.78E-02,1.740457876,0.483557874,-6.63E-01,2.083868681,0.576859715,0.255017612,0.885161423,1.042983154,-1.64E+00,1.253214518,0.374983302,1.640044417,1.380786393,0.942002008,-2.88E-01,1.873362276,0.650514718,-5.18E-01,-1.98E+00,-1.17E+00,1.158651173,0.685010851,0.104265192,-1.45E-01,0.078313218,1.480540223,0.431434684,0.602169525,-4.27E-01,0.46722031,-3.71E-02,0.40571938,-8.15E-01,1.290717093,0.259924323,Cluster 1
AML,1.095288241,1.248218133,1.122599757,1.983857687,0.429505961,-5.07E-02,0.845535797,0.206266211,0.615288173,1.533621735,1.073450238,-4.41E-01,2.202448981,0.621247475,2.020379024,0.557450301,1.712370309,1.411535797,1.448683443,-1.15E+00,0.716700846,0.183510436,1.491678608,1.41775211,1.551531761,1.80831891,1.966546496,-6.85E-01,1.920091031,0.685010851,1.681221615,1.04449867,1.197354355,-1.51E+00,1.90476818,-3.70E-01,0.931098727,-1.08E+00,0.449450058,-1.72E+00,-4.08E-01,-9.83E-01,1.776766432,1.642071845,1.552704453,-1.67E-01,-5.47E-01,2.028566586,1.579674134,0.138802985,0.491874243,0.387461036,1.7750646,1.163134681,1.549776712,1.530778687,0.399808952,0.767407774,-1.21E+00,1.242111193,0.697512955,1.284273861,-1.86E+00,-1.01E+00,1.024089001,1.246304719,1.53191442,-7.15E-01,0.070203836,1.163134681,0.042909594,0.818202288,0.946945181,1.042983154,0.568160992,0.162630501,-6.11E-01,0.394292461,-5.41E-01,Cluster 2
AML,0.351508494,0.535405922,1.04147003,2.059812512,0.36143742,-3.18E-01,1.030047313,-5.61E-01,0.616563321,1.720036946,0.099317077,0.329339244,2.171704442,-4.62E-01,2.452988547,0.55355274,1.707062953,1.132225536,1.559192758,-8.78E-01,0.765049903,-5.12E-01,1.799373607,1.617524162,1.524567166,1.385361598,1.978850901,-1.19E+00,-1.42E+00,0.189592737,0.89168318,1.049364522,1.157276309,-1.33E+00,1.952163615,-9.81E-01,0.902725984,-9.41E-01,0.117177956,-2.03E+00,-5.71E-01,-1.18E+00,1.842741158,1.422088016,1.854388869,-3.52E-03,-6.95E-01,2.099539239,1.086681201,-1.29E-01,0.651166548,0.540078442,1.3378325,1.427424032,1.329702789,1.769989716,0.283822383,0.667993052,-1.16E+00,1.222947787,1.063184843,1.452711656,-2.38E+00,-1.05E+00,0.678357202,0.664919727,0.322294466,0.602591082,-3.81E-01,1.152823036,0.040094289,0.765049903,1.617524162,-5.26E-01,0.366697249,0.015823114,-5.48E-01,0.664919727,-1.55E-01,Cluster 2
AML,1.060404571,1.098175349,1.011693408,1.759974563,0.002812884,-4.42E-01,1.026170266,-9.37E-01,0.505611408,1.586444473,0.133834488,-4.98E-01,3.075133724,0.544966721,1.396462066,0.581850039,1.710849,0.992235004,2.460174681,-1.02E+00,0.258833406,1.346051605,1.357448334,1.406790874,1.304589859,1.766631617,2.109194924,-1.36E+00,1.764960011,1.163480535,1.493821305,1.077525385,0.84956424,-1.61E+00,1.795835455,-1.18E+00,-1.22E-01,-9.86E-01,0.316189594,-1.88E+00,-6.51E-01,-1.18E+00,1.568147632,1.41058427,1.768308174,-3.27E-02,1.001481266,2.03969937,1.773367894,0.130464896,0.816974415,0.629370591,1.780185617,1.090496579,1.039657423,1.753394604,0.784990787,0.390494974,-2.02E-01,0.571262712,0.563827741,1.832279397,-2.48E+00,-1.48E+00,0.76128613,0.304383126,0.431820621,-3.72E-01,-1.65E-01,0.909351642,0.226062209,0.526701494,1.064423162,1.332260559,0.59943201,-7.28E-02,-6.44E-01,-4.85E-02,-7.61E-01,Cluster 2
AML,1.17287174,1.309546558,1.160717585,1.7750646,0.366321212,-1.51E-02,1.384444237,-1.51E-01,0.542317294,1.57176505,0.40571938,-9.03E-01,2.812910953,0.368201916,1.084462851,0.562797576,1.458798542,0.552938106,2.182992933,-1.02E+00,0.786187565,0.614863346,1.260184677,1.638023707,1.503005192,1.778473426,1.961707008,-5.81E-01,1.942794775,0.998293237,1.174972768,1.053948932,0.938719309,-1.21E+00,1.80831891,-9.17E-01,0.198012238,-5.53E-01,0.302358201,-1.52E+00,-7.61E-01,-1.42E+00,1.468031504,0.917623323,1.938173588,0.099670432,1.030645156,2.017679686,1.710849,-5.43E-01,0.382916798,0.74077458,1.605288381,1.132559333,1.114384379,1.750132893,0.865562265,0.74424867,-3.44E-01,0.13418927,0.569607779,1.657150116,-2.06E+00,-1.50E+00,0.728570297,0.501819292,1.355683512,1.999184069,0.013889045,0.96387198,0.748429474,0.150528237,1.728588705,1.095929031,0.937081747,-1.89E-01,-1.07E+00,0.144663125,-6.60E-01,Cluster 2
AML,0.356936947,0.44032765,1.190898674,2.03969937,0.311572536,-5.82E-01,1.358332333,-2.33E-01,0.924070575,1.32885213,1.147712888,0.179935795,2.549073485,0.090134076,1.996596937,0.785708719,0.626159165,0.34235967,1.476344955,-8.97E-01,0.61762671,0.313972571,1.318718347,1.857340473,1.51066472,1.862296071,1.641395286,-1.08E+00,1.4446786,1.419194448,0.232198575,1.072824874,0.865817985,-9.83E-01,1.90476818,-9.50E-01,0.932184067,-2.27E-01,0.93899248,-1.47E+00,-5.93E-01,-8.54E-01,1.698818719,0.780214867,1.704803018,0.276508691,-5.07E-01,2.045361931,1.160028231,-6.83E-01,0.17332873,0.736386857,1.481593122,1.062566295,1.716191018,1.847563935,0.929202018,0.555808194,-1.33E+00,0.88933099,0.639044135,1.194120294,-1.88E+00,-1.04E+00,0.859950656,0.533986172,0.933814138,1.286683815,-2.11E-01,1.213715925,-2.84E-01,0.184404461,1.929053467,0.626159165,0.718065224,-7.99E-02,-9.28E-01,0.34235967,-6.49E-01,Cluster 2
AML,0.375737849,1.02141959,1.250520278,1.981348085,0.358061384,0.045549251,1.582742569,-1.48E-01,0.465652244,1.721582466,0.142709203,0.587899423,2.438985152,-1.40E+00,0.557244955,0.598380315,1.017281578,0.369519183,1.153848684,-9.99E-01,0.640554274,0.36500549,1.575403153,1.828524357,1.497587615,1.69733211,1.863292698,-3.67E-01,-7.01E-01,1.268001803,1.059171522,1.222205401,1.130891609,-1.43E+00,1.915667038,-8.10E-01,0.404765132,0.073905341,0.589990405,-1.50E+00,-1.14E+00,0.661196253,1.756675077,0.150350431,1.913469028,-3.69E-03,0.000527415,2.071690746,1.180954033,-4.50E-01,0.777357841,0.700880247,1.587063575,1.206040342,0.905636375,1.630007017,1.033340024,1.169729872,-1.20E+00,0.952464876,0.552118917,1.299665007,-1.62E+00,-1.28E+00,0.744944566,1.204223264,0.349452141,1.935878429,0.344037896,1.086363967,0.481977606,0.544558868,1.60084046,0.785230053,0.992235004,0.194427791,-5.22E-01,0.436456904,-8.89E-01,Cluster 2
AML,0.574369937,0.708768371,1.118646953,1.929053467,0.484743868,-1.15E-01,0.927038435,0.521457689,0.661633833,1.801151164,1.022308584,-8.57E-02,2.218636971,0.650949241,1.727806037,0.574369937,1.402077414,1.033639918,2.048217985,-1.07E+00,0.39239301,0.150350431,1.553879286,1.323346131,1.597682657,1.627357923,1.783625741,-1.54E-01,2.028566586,1.560973735,1.761631517,0.733853066,0.687680808,-1.05E+00,1.726243869,-6.66E-01,0.655737141,-8.39E-01,0.539671669,-1.54E+00,-1.03E+00,-1.71E+00,1.612988118,1.382155917,1.885702097,0.468789527,-2.95E-01,2.056887879,1.631335864,0.372344064,0.789784679,0.539671669,1.871333139,0.934086057,1.49221364,1.546862194,1.10107164,0.645309976,0.045549251,1.49704827,0.583933618,1.729372434,-2.35E+00,-9.49E-01,0.532162359,0.348891574,2.214535311,1.207132503,0.521457689,0.955513113,0.087839543,0.168155518,1.724685902,0.66777332,1.158651173,-1.23E-01,-6.34E-01,0.616775943,-2.75E-01,Cluster 2
AML,1.463912555,1.534762432,1.061639235,1.790570012,0.195861267,-3.03E-01,1.412488604,0.276874021,0.679021213,1.675469994,0.080429535,0.128514759,2.567622325,0.560121936,0.474094193,0.671733451,1.745274964,1.140608632,2.275693564,-5.42E-01,0.352069575,0.883601799,0.899032871,1.781903043,1.460839564,1.676902704,1.991462406,-1.43E-01,1.931318469,0.958291961,1.511766199,0.905901337,0.932727148,-1.58E+00,1.813756336,-8.33E-01,0.13081952,-8.33E-01,0.539875044,-1.79E+00,-1.09E+00,-8.56E-01,1.778473426,1.218134263,1.90476818,0.167977212,0.061042237,2.115742999,1.940479001,-4.94E-01,0.742163141,0.604911561,1.873362276,0.956623766,0.824113346,1.646147073,0.527509517,0.265019384,-1.12E+00,0.669092197,0.483162694,1.785353749,-1.97E+00,-1.32E+00,0.779976538,0.587481535,1.490076067,-9.05E-02,-1.03E-01,0.902461782,-2.27E-01,0.21957414,0.657700163,1.308718207,0.813053468,0.033409172,-7.19E-01,0.299782814,-1.09E+00,Cluster 2
AML,0.946394798,0.471734925,1.324190596,1.873362276,0.228046561,0.192278323,1.019939723,-1.96E-01,0.50461278,1.70180325,-1.97E-02,0.348331117,2.244065821,0.597959823,2.19067607,0.817956615,1.620784687,1.352166478,2.055432135,-8.71E-01,0.676145991,-5.44E-02,1.841781729,1.692894647,1.436737703,1.797601718,1.922317194,-7.04E-01,1.935878429,1.196634593,1.337402413,1.209321155,0.988502852,-1.45E+00,1.952163615,-1.27E+00,0.316744092,-1.03E+00,0.273952409,-1.66E+00,-1.10E+00,-1.40E+00,1.894090993,1.58892454,1.769989716,0.154974942,-5.12E-01,2.068693738,1.543382027,0.027604897,0.836272138,0.666894713,1.433291877,1.249368378,1.223690848,2.014994971,0.65857343,0.914146939,-5.53E-01,0.627442959,0.590408911,1.187333532,0.015998941,-1.45E+00,0.431434684,0.531554815,1.222576509,-8.89E-01,0.241419622,1.004388333,-7.24E-01,0.455487454,1.165211899,0.791707324,0.662728335,-3.96E-02,-8.66E-01,0.590408911,-5.18E-01,Cluster 2
AML,0.24703457,0.396954086,1.30294473,1.669773271,0.38121475,-2.55E-02,1.684118405,0.75870478,1.104947789,1.729372434,0.14839488,0.82115423,2.587099039,1.238317761,0.136140872,0.556013375,1.346051605,0.901669554,2.186818365,-7.93E-01,0.522868067,0.052413891,1.486882417,1.954532813,1.326305903,1.841781729,2.005711093,-1.04E+00,-4.15E-02,1.096570272,1.028852728,1.046320462,1.393670829,-1.60E+00,1.865291523,-9.58E-01,1.10656776,-8.55E-01,0.297393163,-8.68E-01,-4.74E-01,-1.36E+00,1.768308174,0.033057368,1.966546496,0.110277062,-5.28E-01,2.031326247,1.3973949,-5.70E-02,0.857916775,0.804762655,1.745274964,1.257466798,1.30541375,1.544540005,0.841020138,0.785230053,-9.65E-01,1.111445188,0.814522355,1.548609326,1.057940081,-1.11E+00,0.873516126,1.132893256,0.432399647,-6.00E-01,0.375926519,1.22183446,0.15017263,0.931369959,1.092091014,1.442684839,0.74424867,0.265747809,-5.38E-01,0.808901111,-7.81E-01,Cluster 2
AML,0.516830865,0.608927356,1.365442859,1.618174892,0.403048412,0.039742399,1.466483982,-6.98E-01,0.453927835,1.609126325,-3.96E-02,-4.34E-02,2.794993945,-3.28E-01,2.017679686,0.694601021,0.722622846,0.440715086,1.753394604,-1.03E+00,1.000900868,0.525086479,1.241351077,1.694370096,1.590168246,1.361878989,1.606565068,-7.24E-01,1.41058427,1.341714463,1.652311659,1.031243369,1.011693408,-1.26E+00,1.876420518,-1.06E+00,0.332310343,-7.33E-01,0.57561438,-1.63E+00,-6.30E-01,0.813787692,1.821090701,1.293958898,1.861301289,-4.34E-02,0.156042605,1.983857687,1.560973735,-3.11E-01,0.448866666,0.738001733,1.740457876,1.166599508,1.235295796,1.624720201,0.749127546,0.364253933,0.114877054,0.295923453,0.49922884,1.825724904,-2.09E+00,-1.49E+00,0.582474847,0.580184993,1.830398651,2.080795173,-3.25E-01,0.958570253,1.031243369,0.383105983,1.409634019,1.116349201,0.802092161,-2.25E-01,-8.85E-01,0.063508285,-4.74E-01,Cluster 2
