0,0.6035265977121977,-1.33147556103007,0.3834328368037572,-1.08367101110753,-0.8631209030223133,-0.3187502948579784,-0.801892402368918,-0.03372705376386987,-0.046328190013074734,-0.7538934380157268,-1.1181372868923642,-1.33147556103007,-0.9695713347717164,-1.33147556103007,0.2854625316916727,-1.33147556103007,-1.33147556103007,-1.33147556103007,0.6779501569023741,-1.183743059717037,0.25127182373700685,-0.07863204099141263,0.17043427455367674,-1.33147556103007,0.6454200486949679,-1.1181372868923642,-1.33147556103007,-1.0904586147612467,-0.5919386730681332,-1.33147556103007,-0.2877259328098407,0.21729463440336813,-1.33147556103007,1.1679987572050938,-1.33147556103007,-1.33147556103007,-0.04844578469440178,-0.5575314545590506,-1.33147556103007,-0.4092905856525404,0.6826355518117897,0.06861711892696928,-1.183743059717037,0.47052079591986473,0.20938877522901017,0.03256812337150269,-1.2383273969078568,-1.33147556103007,-1.1687416028361315,-0.7172702226356105,Serrated CRC
1,-0.9385776048858272,-1.3648502208172986,0.35228404598672386,-0.7998049474877145,-0.5812266055231115,-0.790333003989024,-0.7579489421156517,-0.29618174548814413,-1.2091462952552134,-1.3648502208172986,-0.9385776048858272,-1.3648502208172986,-1.3648502208172986,-1.3648502208172986,0.2178034201822853,-0.6796873448891919,-1.3648502208172986,-0.7136284858931795,0.7944084059693941,-0.20350348335461355,-1.3648502208172986,-0.7763104140899206,0.5756252615172796,-1.3648502208172986,-0.42740509983409136,-1.1028844745412354,-1.3648502208172986,0.06493606658603522,0.25958188553506856,-0.9275269664979745,-1.3648502208172986,0.5642883291081067,-1.3648502208172986,0.43747577142369076,0.1675395293614725,-1.3648502208172986,-0.5095811508626691,0.12958531296721035,-1.3648502208172986,-0.32093236416264753,0.8259289288361061,0.1396426135649896,-1.1579843503225817,0.2939026529883252,-1.304289617500775,-0.2773935521339492,-1.3211786158131444,-0.5962704953426542,0.47377610309588764,-0.6672840470533263,Serrated CRC
2,0.7451679599924962,-1.1743838294229614,0.4446678301401235,-0.948882983184378,-1.1743838294229614,0.21358501286225298,-0.7766785789016122,-0.9362296443642928,-0.15980487059218526,-0.9682298962238644,-1.1024164574853212,-1.1416304401348498,-1.1743838294229614,-1.1743838294229614,-0.9362296443642928,-0.761260828997978,-1.1743838294229614,-1.1743838294229614,0.5193316630882499,-1.0361619965653073,-0.7766785789016122,-0.6881730131003664,-0.7263558637525859,-1.1743838294229614,1.2272277109361769,-1.1496991443200033,-0.5235662082023214,-0.033554700504750755,0.3913319812170351,-0.8993808264678268,-1.1743838294229614,-0.014598175071536237,-0.10235384095368649,0.37451288927181015,-1.1743838294229614,-1.1743838294229614,-1.1743838294229614,-0.5955335801399622,-0.5831000348114814,-0.39922382029152714,1.0472105729427421,-0.8583499029266788,0.6225622200763927,-0.27379926026269363,-1.01519593171243,-0.4329019477434295,-1.1743838294229614,-1.1743838294229614,0.4015163072339349,-1.1743838294229614,Serrated CRC
3,-0.5537502018493451,-1.2896499630098721,0.23173466567692974,-0.2784579087982484,-1.2896499630098721,-0.40635242234648555,-0.5295840774895132,-0.7282872840774758,-1.1156384066872287,-1.2896499630098721,-1.2896499630098721,-1.2896499630098721,-1.2896499630098721,0.10422007872663794,0.7537769230038501,-1.2896499630098721,-1.2896499630098721,-1.2896499630098721,0.7388594421049359,-0.9715446204794782,-1.2896499630098721,-0.7413197621843177,0.49628735188252243,-0.05966966245486522,1.0022236004184428,-0.5502550703530904,-0.48970728828669047,0.17922580665928065,0.40178865448482054,-0.9831389833677211,-0.17637252343439144,0.8968675053134771,-0.5895248776507152,0.06990600821274037,-0.15867549084486593,0.9394221159344903,-1.0373886447987961,0.6884639276651625,-0.5160805262454949,0.12945508439479136,0.9411986111359781,0.058149480857677176,0.47183244862926565,0.8239543798226503,-0.476824615013741,-0.5160805262454949,-0.7112191239210667,-1.2896499630098721,0.0665637450939568,-0.6501333199774921,Serrated CRC
4,-0.6876084250826953,-1.120735085993173,0.639423191496803,-1.2932373736317546,-1.2932373736317546,-0.3373089683543603,-1.2932373736317546,-1.2509121103999494,-1.0996612769457828,-0.6620920023930663,-1.2932373736317546,-1.2932373736317546,-1.2932373736317546,-1.2932373736317546,0.20280315616999575,-1.0201403748258393,-0.8329195874249721,-1.2932373736317546,1.445078049689368,-0.8278316207017816,-1.2932373736317546,-1.2932373736317546,-0.8640904546938054,0.12351726522824891,-0.18929204678251793,-1.2932373736317546,-0.005982292346846553,-1.2932373736317546,-0.4643351952848046,-1.2932373736317546,-1.2932373736317546,1.6772961439316094,-1.2932373736317546,0.11500398970262546,-1.2932373736317546,-1.2932373736317546,-0.9130530560178888,1.1635421576521499,-1.2932373736317546,-0.21393847166426153,0.31709336191422044,-1.0264956841109436,-1.1570372786898164,0.5884076311528119,-1.2027054975667453,-1.0393477085325218,0.22116354118769038,-0.745611749858892,-1.2592135693814253,-1.2932373736317546,Serrated CRC
5,-0.9161823418796464,-0.7094617043009812,0.2122063433706396,-0.6616800820392246,-1.0591595251456893,-1.0390718167920923,-1.019453125790035,-0.9393643849454358,-1.2399167066442651,-1.144687092197667,-1.2399167066442651,-1.2399167066442651,-1.231555485728754,-0.718448910729745,-0.5255384787607374,-0.2599041744892669,-0.653277054707526,-1.0130140459682766,1.3155769472617036,-0.36875108988503685,-1.2399167066442651,-0.8662490931766813,-0.844974646297153,-0.33659672020594433,-1.2399167066442651,-0.6574680644945627,0.3976207772224609,-1.2399167066442651,-0.34235219345273016,-0.74134666993248,-1.2399167066442651,1.333058908529024,-0.3777382963138012,-0.7601250104405783,-1.019453125790035,-0.8242255482895898,-0.8140400207611965,-0.13149465032384586,0.2515682412454733,-0.3960063151249022,1.4662344241320395,0.4818344764307307,-0.004534166353208237,1.3447732583198564,-1.2399167066442651,0.5373508308591186,-0.993987668541021,-1.2399167066442651,-1.0324812280997435,-1.2232766428544968,Serrated CRC
6,-0.590607478230974,-0.4549389348490869,-0.1419913302032655,-0.8907180235316162,0.08231079474685588,-1.390479619701394,-0.7876812127356891,0.7375353925245699,-1.2129103518283753,-0.06930657283712996,-0.6227325095557557,-1.006585636937761,-1.390479619701394,0.6542365039942678,-1.390479619701394,0.2159973058661755,0.016808614151225393,-0.5633790877855678,2.0704265717598456,0.719335185879715,-1.390479619701394,0.3328839586673511,-1.390479619701394,0.3992988535507451,0.7450935160902434,-1.390479619701394,0.9442620803601753,-0.8961815794821653,0.46129211125391917,-0.2670773024510641,-1.1678273479796317,1.9254302851503744,-1.390479619701394,0.4663824713661621,-0.5444062615410721,0.46765072703946353,-1.2129103518283753,1.0059950908191249,-0.26151589155312727,0.3772170234192672,2.345191836604885,0.45102717434374473,0.21433533626717055,1.1340213165487953,-0.2642924471532208,0.667625276933716,-0.5444062615410721,-0.5595534824160837,-1.1178480428843913,-1.0572938600500126,Serrated CRC
7,1.1319055041679615,-0.06653430268283356,1.020011734094214,1.0423165175858622,0.5462890583117627,0.8024567208887169,0.19711785244641455,0.7904974434431256,0.9939252196828652,0.6687589711426387,-0.0544910186949876,0.026145233838597008,-0.12891904744490149,1.6233885459041177,2.224454320103311,-0.04258459321102819,0.677726965111151,-0.48081664369103266,2.7210178396252513,2.0377022840597236,-0.7988561152402671,1.1790671191974473,1.0915833799067096,1.0306922967683965,2.0530335782433142,0.19476069882295594,0.7729783159667282,-1.0449102796381955,-0.21950138640623051,0.009380809337736268,0.42856028831241133,2.3574532574565246,0.05350329422874735,1.556089881040066,-0.26607590629838357,1.2477823058164992,-0.3420333716415473,1.4340489366741074,0.5876422628022291,0.8837778440350321,2.373209256303859,0.0037325255577327684,0.7041793871596422,2.216603380311716,-0.3740283517593406,1.9962509061100324,-0.016279759252280847,-0.13213795660943517,0.5084971060587168,0.22957301080458456,Conventional CRC
8,1.8249903200622444,0.0068668058863509416,1.5307278931539765,0.930449939349195,-0.3246030872434942,0.9654925388972901,1.1668671773724997,1.3178658423228502,0.7569872168101484,-0.21547078063851302,-1.2896727733672813,0.3498455922391672,-0.36226233774645955,1.5766143827605037,2.1041490158363763,0.24601490804442672,-1.0249212375451513,0.09284138944251409,2.227314365639874,-0.45583165852065083,0.6039519844878477,0.5766795990847305,0.4022081218550665,0.8992628358222944,1.9414247745423794,-0.21547078063851302,0.6738878084292836,0.7109687099904194,1.2184331211717638,-0.7502828233158663,-0.41022346530446074,2.38914712464685,-0.30829373226655515,1.9231387099227693,-0.8962123798286855,1.312773423970035,0.22684938687767212,1.8992145046832611,0.018749222034699024,-0.7502828233158663,2.376990305862139,1.6651529633114075,0.8992628358222944,2.01020892363647,-0.035824825073854004,0.8736215838115297,0.4598184690187842,-0.023447297532763537,0.48086187501192074,0.7364565057195093,Conventional CRC
9,1.60904638984302,0.05497621525568065,1.3401925682909406,0.43170549277972187,-0.3178238752231479,1.113874486770562,0.06402190629875092,0.716603294467681,-0.07109106107191006,0.9084291680202344,-0.6843552971798295,-0.3415558847001172,0.14388962983616888,1.5374397021463004,0.8634517381963971,0.28252757496086156,1.2482321709055397,-0.3449945199307058,2.4604773341847856,2.1517118677023515,0.38772603697942554,0.7944097787874284,0.26625272144055073,1.8911580496439417,1.6357329040647572,-0.311149559788951,0.6601901815344468,0.46638414645090537,1.2645057999832383,0.31946358984738504,0.29676631698433475,2.715577398910786,0.46638414645090537,2.157591721734366,0.2753283087355852,0.5012841097969761,-0.4543279053315312,1.382785346829965,0.4998549680931409,-0.24063746249882675,2.438468659067795,0.4408734242323082,0.6852792984499293,1.0737908329681065,0.7085797738464759,0.9306093263916877,-0.102691635226159,-0.16919175902742434,0.6155951828443169,0.4068213187784638,Conventional CRC
10,0.8666529049269387,0.08128335380511796,1.345893298681822,-0.027911290601028864,-0.30309936009393773,1.0435248777064483,0.9330177696249221,2.248647028821498,-0.8428433256548585,0.012518220083856918,-0.9949764413053012,-0.7003340587713962,0.0019013625980315435,0.37748376465563815,2.171011469861697,0.6166595096693108,0.7273086499654946,0.24173239287600937,2.306604031605956,1.6518070525102235,-0.4836461350004225,-0.07010683131890875,-0.4836461350004225,1.5493166381556882,1.0407969951815041,0.4556496357456647,1.3203258426192905,-0.6948290618605166,-0.08459172516575625,0.3443562570012713,0.7847675067034764,2.8612329429940453,-1.2409924818580722,0.2983416398988222,-0.683912286933894,2.4008492372975145,0.6278936401484638,1.4163043651426859,0.7716227558512183,1.7334084693429985,1.9672263384550368,1.9137682908161247,0.2602924488766732,2.1112561932791984,0.3971829967795095,1.3182782453427984,-1.2409924818580722,0.061413773294681576,0.3702196379538267,-0.2057094882833816,Conventional CRC
11,1.3619518250134692,-0.6906143394982073,0.9707245618802145,-1.3680479151048017,-0.26046622235008043,1.1618197650664925,0.23596138887159165,1.0056853488095199,0.2753017127107619,-0.5402292533040999,0.1122456077102784,-0.8616787777020429,-1.0318734107165806,-0.7426633545995646,1.1760142205059405,-1.3680479151048017,0.9859930943679154,-0.2704077485311675,2.263686759990604,1.0286334209020402,-0.3905874775308032,1.1466146756038453,0.46928592538189423,0.13024816891991842,0.16099259930293708,-1.0608352977781461,0.4516587375968446,-1.3288619071960608,-0.15421020337780197,0.5544980390685643,0.3056953913247925,1.874403410951456,-1.3680479151048017,0.9364881923560379,0.41040121900417,1.2038121070777723,-1.2637802445828528,1.2708128786080175,0.3916938356343944,2.2249856926702978,2.3480695734071912,1.5648059529304394,-0.0966083667681911,0.9092516660967825,0.8104401712156237,0.45004073685303125,-1.0906618451951147,0.22587941475021464,-0.8378891980454481,-1.2728220716589185,Conventional CRC
12,0.7123846768144607,-0.8231107766584876,1.8759436205182238,0.009102852728547129,-0.07658361400304144,0.23484692392990858,0.7680280616684745,0.1229351361764703,-0.28061003772674004,0.30627577561024766,-0.1628313754868798,0.07436374094139929,0.1997060635067614,1.0144479315569068,1.7335199462939297,-0.9920705322692897,-0.5898912304248166,-1.0666243087002711,0.6843059071740643,0.7070529536663716,0.08514948546225368,-0.1349746882072835,1.2812897444410924,0.02069999751404366,1.212904321927561,-0.22129188780825793,-0.2709784112349733,0.6416133273768871,0.8663204285529027,-0.5239551736578023,0.03894812769703694,0.8936443363227471,-0.5410681808925016,-0.051252533712873805,-0.5071635563231691,-0.7602388726548602,-1.1826924195707087,0.263404316430737,-0.01215877274389179,0.9796525939403162,1.3171368377413695,0.258118819459396,0.7828892460471966,2.045928010414605,0.38783450264113795,-0.14879455121274496,-0.23652440869415114,-0.17709208191021356,-0.37949047183560664,0.48204022003520386,Conventional CRC
13,0.7874028686173795,0.07652557905855897,0.6137628364805737,-0.5156938989842642,0.54481431430491,-0.9176121239793149,0.8247647042041262,0.4676506375441496,-0.013739480440434033,-0.7071175232525928,0.14496572617063855,0.34624262199057304,0.16828813935813136,-0.7961513191763194,-1.0388902480657767,0.6553208843558134,-1.3023432545508031,-0.4369236471286421,0.7585093604845289,-0.6426971417288905,0.13648381835769866,1.124469111264816,0.6822772088528448,0.016089117985202225,0.9198220952165846,-1.3023432545508031,0.6524844665181243,0.409668370910655,0.6068074022800931,-1.0586185083037811,-0.1166322080151654,1.0714559483889523,-0.07879669245005759,0.967396384536007,0.15670438151915655,0.31759162044308553,-0.23580704250507664,0.7483799715978422,-0.37374022589682,0.6675072181448167,1.1447012199828874,0.5054020313099719,0.9371103778580238,0.32861682805734593,-0.4142885280141429,0.21782628380264796,-0.15617213774451358,0.3856156163824818,-0.18273971396738417,-0.08755357971513952,Conventional CRC
14,1.6809343249119564,-0.17697202615467533,1.021267102376684,0.37360147168419783,0.24473966442052345,0.6711140453411945,-1.2695262871434008,0.5713016280321798,-0.06881402185809864,-0.0827623863437614,-0.7996418923451146,0.8636572899066786,-1.346278905968802,1.2307207931546285,1.0350993887982307,-0.6500348377107212,2.1572441265218685,-0.14357404858895892,2.848959944013236,0.7868176623046333,-0.7220356103292799,0.6684722110481449,1.476912337506629,0.5785652571354877,1.6408417046817574,-0.40881732827117245,0.7460572738390144,0.9217478768835551,1.313033242253456,-0.37060223685581,0.03626116210499488,1.9896420886622643,0.008451475782545848,1.941739826558242,-0.04960835797305614,2.00810775834492,-0.4815266568222397,1.4972837571032616,0.31125042918671403,0.7111920859951052,2.1914303205962753,1.2277055472320528,0.6789978169396572,1.1302347041641034,0.8031288734841182,1.340376746434001,-0.20833599003414052,-1.346278905968802,1.071957089931898,0.08254185955365358,Conventional CRC
15,0.6729775206681994,-0.1143392053862063,1.0662686364277976,0.08729831457221641,-0.07092740767175512,0.31844414719655284,-0.8104534453063116,0.25318609411947723,-0.1339820435040808,-0.7484204195433196,0.002977159145226458,-0.7649360274108006,-0.5259686339133038,0.9690409692211471,1.3681111452753238,0.5390304778599712,0.7390145320190914,0.3908753171496481,2.309250855892389,0.282751146635433,-0.5089024767018963,0.6325085194146477,0.40375528327777643,0.8131965484532129,1.7340738419844655,-0.9968642417494306,0.8111268392649378,-1.2027610018023098,-0.4279374126199803,0.21682345636973907,-0.606856123432549,2.032062150849233,0.6198925654768965,1.9089419181158005,0.7266271405520796,1.1951485676943852,-1.078534234644575,1.2874811665324146,0.06462540503215584,0.06462540503215584,2.2256317490864963,0.4671260525636822,-0.6699391168285554,1.8668387002711195,0.43983005730704455,1.098851857046484,-0.10055609701466416,0.14380596140407045,-0.16277610560549938,-0.4435813215884555,Conventional CRC
16,1.109730762381464,-0.5326824849248184,0.9785012275454248,0.6133727497378885,-0.4206091585726643,1.1456372791437204,0.6268395023290245,0.6323940263321374,-0.06250275274466023,0.32745844989321593,0.030393795778583296,-0.9398973137948224,-0.2497655755759558,0.7768402184787354,0.2623707127548296,0.24745720821143055,0.6714432368619919,-0.38713969253495956,1.7925821923768004,0.5157748097783909,-0.3113776039202752,0.12447731287630628,-0.7379456306354742,0.7241175077521057,0.797497366918486,-0.5365307262574331,0.32745844989321593,0.6809564702779407,0.09152712910861059,-0.07184991739165354,-1.3685251809220873,2.0263967379662344,0.3576396558398199,1.4617501879167962,0.2738082012857393,0.6893323512192698,0.12827871996212717,1.3445580499257306,0.7281262645397105,0.6914146750835246,1.539352163492347,0.3289908222556356,0.7537733195357871,1.919992408578573,-1.3685251809220873,1.1003669183072629,-0.38713969253495956,-0.05555306415322517,0.1924222112140013,0.19419189194564873,Conventional CRC
17,1.3980682180513833,-0.42267998501389525,1.583516005966638,0.8245274045687055,0.6052847575925715,-0.14037013659069927,-0.4743698195685227,0.2346441819059154,0.01031366745312895,-0.43617655162522,-0.3995368672111187,-0.1576714990501484,-0.4028068487063812,1.1152203906046783,0.290967457089431,0.022654668440048563,-0.03862449471549852,-0.043008342241404714,2.4220363893902364,1.4418109014525018,0.19503872839252642,0.9889168520501427,0.8900306281067683,1.5985608552213857,1.902341101930876,-0.3518601884718022,0.6542180004093121,-0.1162164385403269,0.8606989375304314,-0.12099564822038557,-0.836105007056989,2.7783425893780898,0.5398383157891847,2.1010815512575145,0.20677127149208613,1.6013982715735753,-0.4850734581781505,0.5010469269667897,-0.14774435746862846,0.5659197054000152,2.4522832242880104,1.3269943243081666,0.4388926999061809,0.7547921034408565,0.1157313345041713,1.5007182057773207,-0.11383630773010579,-0.7796211616801639,0.3693541772248989,0.27412810719578673,Conventional CRC
18,1.301929194608821,-0.09334998591831888,0.7431681224700214,0.5674275019420544,0.43031323814795247,0.5593373517313875,0.07771156699259466,0.34917449181046584,-0.09334998591831888,0.4225087312365329,-0.03790117698792441,0.6774943725823747,-0.23714398274386117,0.1348411076623457,1.1095120669437228,-0.1668912220222058,0.37755817248304263,-0.2151989757132947,1.1571714616056348,-0.8576382336828081,0.3423689714039783,-1.2494484877259753,0.9319576835591934,0.591286568600105,1.9639219168602582,-0.06653568974541116,0.761894861598555,0.7813229970768603,0.858193365103636,-0.09880629837766045,0.6893545429290784,1.7019386584341294,-0.03278774947656551,1.7444891736792405,0.6987356235985931,0.6004032507349412,-0.37717136726120604,-0.17279505803515938,-0.16395321325899123,-0.0353409707600333,1.2306960723872582,0.5106977142662747,0.8611406270210104,1.7437256036055724,-0.29605710033568605,-0.25314018262797683,-0.1551941331664784,0.10009911555819036,0.649631650456232,-0.6687409893850614,Conventional CRC
19,1.0427233818295516,-0.048464608765838746,0.805837316688445,0.6474338782481293,-0.13577646169661722,1.199758073113606,-0.14789372465976452,0.9933982861290265,0.2039714731664919,0.5925267590689323,-1.4138353259423149,0.6400850158334295,-1.4138353259423149,1.3139075065182282,1.4558705718758713,0.3835324502518936,-0.009778709950503766,-0.02463444099814148,2.365096665980706,1.373677932561349,0.7951759925276781,1.0041882347614801,0.547097109893824,1.222705454104701,1.9127505431448422,-0.14302804129754274,0.5958470038306523,0.9489542731872529,1.2445519032200392,0.23205496037417828,-0.7126394471732148,2.694500857829713,1.101912995854572,1.6511633909798318,0.18191450054021202,1.0447805017985485,0.34681206328697656,1.6040341042000452,0.3681717754785656,1.3861415895161773,2.0517061827779965,0.8040688133574164,0.23530435736700667,1.1166213130577864,-0.677693094381845,1.405932158659576,0.12712696068881107,-0.13577646169661722,0.5042421522049594,0.16633502128871613,Conventional CRC
20,1.0081655539121206,-0.14029601887990018,1.5741371703279878,0.41619030211231833,0.33364053206310745,0.22073431521949027,0.7176730271060884,0.25363371015973496,-0.3076147200511294,0.44872175293921696,-0.6172867003245098,0.4734377448344554,-0.6047779626691605,1.556201006606495,0.7916082810555775,0.6624392869946671,1.7071363626183844,-0.4205431622727416,2.58643095752381,0.3460954668948678,0.861188601348319,0.04756363903780514,1.0794752225770172,1.4334727121875752,1.928847919346354,0.12060011834468128,0.9948299912491313,0.6768214127939202,1.186225591125964,-0.24284845182437997,0.3082379065207003,2.653592707887836,1.167914179204561,1.480925222951719,0.5991030073090007,1.945215946463935,-0.09040149780298197,1.344229034162158,0.21543561556672983,0.3178424043426874,2.558544703027544,1.3529891087912083,0.5614834556502384,2.448385487104776,0.16265700729832888,0.8080424778315978,-0.14285974924950387,-1.4212472882972396,0.5440011963830038,-1.4212472882972396,Conventional CRC
21,0.5664539537138106,0.7424489298185712,2.3412163365257737,0.11254716599659963,0.36102745544454873,0.6280449902013525,-0.9691119289838506,0.8454406705234122,-0.2815905659867325,1.3619362375123085,-0.27246932700729515,-0.8177222130070728,0.11656874817704319,-0.08379423506934015,1.5262222845191735,0.5763841238278996,-1.3531203523253879,-0.137344721903002,2.50847858970262,1.2371627815101585,-0.2166561417901173,0.46096742212409897,1.257230102417663,-1.2044250371043028,1.8017329653252872,-0.8674346834841008,1.0397073865917767,0.7372537367591137,1.2499819954234421,-0.2785403819238757,-1.2290259350108297,1.1583806484318975,0.8629370792892804,1.6543843443461954,0.4511530205752582,0.29191368566871356,0.34539869651018995,1.7672522253269376,-1.3531203523253879,0.10648259040669733,0.828561547275807,0.3794477695855668,-0.36122411410089084,1.2662129194777483,-1.1493923868966716,1.5392670682803284,0.623356459481182,0.44691551335621865,0.38550911076386396,0.18618155608750095,Conventional CRC
22,0.8691229605028906,-0.23395819373057739,1.251385564168297,0.5599465037613718,0.7506009204936461,0.8773086182475109,0.5407948674009013,0.4530399528320323,0.14319274858302464,0.47816234337977087,-0.19965523118713838,0.3325882453878422,-0.3515378816660446,1.1966582580820786,1.1849315690982363,0.5433707940992172,0.5369178594052102,-0.34170849127396724,2.313413155532802,0.22926903353604886,0.4877558429325606,0.36726044352072806,-0.41979681365127725,1.3696529569187197,1.5594243823793281,-0.3884731905872138,1.1637205702365463,1.0161051727757737,1.19795234942993,-0.266526989711411,0.21847340648854116,2.5024437947854583,0.1451491810262043,1.0985315191835232,0.848812110121675,1.1508991924819103,0.2831755480156478,1.205038572891069,0.17022348771446633,0.38261245745505085,2.694919816114336,2.084201796556036,0.7781322600837571,1.8676627430323816,0.5574151082204858,0.4487876554689961,-0.5204726218762584,-0.3191604677982425,0.42578220494629104,0.16640863584095605,Conventional CRC
23,0.7572514978512997,-0.10103069852588822,1.2616720061036095,0.5637877732053348,0.007101763665678791,0.7423573943048709,0.23638655283048235,0.46532815995369314,0.151383227441823,0.7010954054488111,-0.005477751375979185,-0.3837441975163125,-1.365922260227846,0.3216471801874612,0.3692604918538668,0.18117160653780512,0.2961252612361196,-0.09171260443260497,1.262206314948432,0.6093380525357331,0.5557810469219965,-0.15155741574732326,1.2427735278581,0.12610812658059817,1.3316373840982971,-0.7738226558175767,-1.365922260227846,0.8136654427599913,0.6721875608633127,-0.44285588419570227,0.04783612814036643,1.690688428242713,-0.4327371334595059,0.1965609371335199,-0.47039474951565424,0.6721875608633127,0.35651684874484274,1.1371161439569566,-0.21026912098888206,0.4078176522825979,0.7535504560980893,0.5637877732053348,0.43832671615964997,1.0777435374888722,-1.2864247593443559,0.7166651161692396,0.48909515084321853,-0.028995406151944954,0.09445573938899827,-0.6727533337849466,Conventional CRC
24,0.9072733010723774,-0.5534228737352823,1.9866092951804761,-0.7745151922000332,0.09128787458089573,-1.1186112619916317,0.5792460460509828,0.24730219873816175,0.0596569643164554,-0.8175025614711471,-0.42270251732949515,0.7056672685848593,-1.320027815105437,0.7705577292790904,1.1724192371475264,-0.3368135873671703,0.4723966957706558,-0.3228243362546767,1.7532363980797765,1.0544749118488388,-0.9213767407115809,0.4028242696628317,0.633703388701181,0.7233935402267646,-0.802936568473695,0.06500915087677876,0.8664082973563773,0.8175529488798052,0.6121371808433396,0.5939100761377943,-0.2981959949731055,1.9515960847942038,-0.5462202568971036,0.22242108378186143,-0.1940490093636466,1.5830929104909186,-0.10534420700298593,0.9886131723568378,0.07209465057465543,1.3020443460737567,1.9503703300078359,1.5606845326834218,0.47462278044644685,1.0038871636124889,0.21196580605732449,-0.3145373170898484,-0.06313200368942976,-1.320027815105437,-0.14743299799780513,-1.320027815105437,Conventional CRC
25,1.4985356303697506,-0.7817450750104934,1.0305121763376281,0.7097293205978124,0.8228423632521391,0.567452642393399,0.40437367910516103,0.22385347941984732,0.04247294798932075,0.25900733281267885,-0.08659210959037399,0.567452642393399,-0.13599191024617008,-1.1679562835999058,0.7639554944791257,-0.12199384778311943,0.9075662798480068,-1.1679562835999058,1.5453904826863936,0.7260222654717794,-0.9128757156712691,-1.0665885419459813,1.2134084877941465,-1.1679562835999058,1.3007565075995844,-0.3483727676921224,1.0591493328938855,1.022821175015737,1.0220484250585549,-1.0048773203116677,0.4697784691969651,0.40437367910516103,0.5021542024570481,1.8077558611161193,0.6566670477529076,-1.1679562835999058,0.17139465993085604,-0.5891496541762803,-0.4075320388089765,1.6577488741606852,1.3982744982442918,0.8504248574654908,0.4059145204071827,0.49102549986165134,0.20091740418552792,-0.4229541096108398,0.01668076209492669,-0.4916369793343702,-0.41136269967544353,0.39507247312862737,Conventional CRC
26,-1.2812742871532146,0.18923360750402754,2.1992334638188646,0.7397641093362488,0.12251491021495584,0.93897564905429,-1.022944131392368,0.7523254695372052,0.10307526210273023,-0.5711748449269409,0.08320927147483305,-0.7338529508222682,-0.05075548987500624,-1.2812742871532146,2.629251344835834,0.8260126485302736,-0.622222312649826,0.12826637597934296,1.5042281461326856,1.203275009418393,-1.0027383980029207,0.6794186383278111,0.5618696087530648,0.9444255753563816,1.4080894085624083,-1.2812742871532146,1.4219406393314642,0.6762932086088547,0.5475475262763998,-0.6488669646146478,0.18565315705149502,1.9923750506569649,0.1509138768447289,0.33725549646876163,0.7551996750785691,-1.2812742871532146,0.41847427721255603,1.4631432240799522,-0.5072997328995877,0.09716107630325367,2.063021144306674,0.9475251605220438,0.9757044437396486,1.5435302310191203,0.12058961123536695,0.08521559141172151,-0.19701536687931925,0.12443612540225055,0.6433494746766014,0.06289781910073504,Conventional CRC
27,1.9391997449203193,-0.002194784444076365,2.017188283917123,0.14109068419681414,-0.28912414376148304,0.3814620213227004,0.37001539817059703,0.4055458493036212,-1.044014276508039,0.7981251580357261,-0.21131189674215892,-0.12822191092124582,0.442880387305193,1.3704734815117605,2.0369307630967275,0.19573070699826875,1.2676570186741825,-0.35272874629526035,2.406203957861347,1.5300199622953854,0.25304400876981037,0.9231584995221946,0.9015023158278128,0.5846352707583277,1.9256816367893614,-0.054219469069812086,1.1672628829146292,0.7324154132872585,1.1944072599979345,-0.5432057490661724,0.3975840185494336,1.7743867122943922,-0.3879548510865297,1.2097828144078686,-1.357122636002409,0.33824894645203984,0.12429313263001864,1.3278212761181027,0.5261945226755251,1.0997785321225573,2.0533731694730375,-0.10918650861768436,0.5247927425009212,1.1519303708729827,0.9278032007630277,0.005015142758577555,0.1452451099727858,-0.7803293647464813,0.5524513403439424,0.023984215732886737,Conventional CRC
28,1.070017872787531,-0.5593126316304213,1.1656799458878322,0.5749984382180755,0.1929831273034782,0.8669316007818791,0.5561985912752687,-0.010325979152065455,0.44441997408085354,-0.3531460371808757,-0.7375873638261138,-0.0692339517263657,0.1562237388502933,0.8018531371144899,2.4838066586144256,-0.2733465503535665,-1.1242699863972168,-1.0019834183878753,1.9570742152295038,0.9089849995317403,-0.8817410736470653,0.15424683366609618,1.3093498297206516,-0.286164987049988,1.5262762274971808,-0.24515530978034814,0.1660436836511463,1.059940453619079,1.0260117240449251,-0.9600930765427962,0.008483685908610365,0.8561040555624216,0.5749984382180755,1.3049491857602946,0.6256411783757004,-0.18261752659984046,0.026908471386327234,0.8533767041304944,-0.08975860042691967,1.0131420983159087,1.7275574713012054,0.11789965886045199,1.061387008168744,1.7030864010993467,0.5160555255026301,0.46146426789711464,-0.3886025851110605,-0.34277571166153975,-0.312362616034502,0.0843114301026561,Conventional CRC
29,1.0635575196373885,-0.9454048612045834,0.3879604633808689,-0.701635859690789,-1.295070509253846,0.020972364362363608,0.0648317272929273,-0.49800664058480576,-0.3055717487390222,-0.41643532925867105,-1.295070509253846,-0.9746409358251955,-0.1667883613122384,-0.05338319056343235,-0.9396747303322265,0.059469752197969336,0.9500797452780273,-0.4546282093264669,1.578869279513106,-0.8580003357470746,-0.4449202464223617,0.11164583958940782,1.048883132636142,-0.07826130788125504,1.1125078231124865,-1.00490304423979,0.2671873065569924,0.30441819296923167,0.7593984721211334,-1.295070509253846,-0.12138937444138062,1.017583591194457,0.31780948061812814,1.671606296280895,-0.47105502249064296,-1.295070509253846,-0.185638983190504,0.5695476453501787,-0.009557606304273943,0.6224710956347329,1.4907748189088446,-0.22711936084136913,0.8036328650388889,0.7681134727556883,-0.04727420465445136,0.1890703585779427,-0.19522109963706058,-1.295070509253846,0.7077139242042656,0.25154599141307316,Conventional CRC
30,1.2180878632677379,-0.6521283887422867,0.6745579470608194,-0.2553101907306964,-0.40263028514229365,0.6943496051528815,0.6792501493525326,-0.19464856878940234,0.2249809207436267,-0.020188770629709443,-0.26128400120629314,-1.2054664441782994,-1.0556296657186182,1.2194529530312432,1.4724353481235855,0.016789490950221978,0.8269533053713405,-0.1807316502154616,1.9567307227654775,0.673381450137464,-0.7895434750527666,0.6579597650803974,0.5547905157360343,0.9870946015571359,1.0016150226294054,0.0007793843857080979,-0.02254592173632372,0.5508066608722114,0.949397419764868,-0.03441569705950794,0.16420412037005055,2.1809893739375057,0.24685305507125554,0.5468068809425501,0.2892132564946283,1.0275628758901676,0.20825723931246787,1.3419202090887565,-0.9977003532584828,0.8558142811762464,2.3063823734364695,1.3230344612084006,-0.7595229143407689,1.2854366638673473,0.5925047905663934,1.1994745275758516,0.2045025996966256,0.17394723877808807,0.9203921910640261,-0.10106543020077997,Conventional CRC
31,1.442551519752577,-0.39025609090830987,1.668967420053888,0.76938626773036,-0.08492456606124467,0.11445046894204655,0.08500540333537984,0.3937523900546816,-1.2314144695795852,-0.9056397502976233,-0.3495131309613727,0.3139891677841241,0.009781083462358444,0.5240816510999959,1.3858233669937308,-0.19550085907710277,0.6689786729315628,-1.0539456240961542,1.913720273932154,1.3765765128363705,0.2862286194122837,0.31125112335210114,0.8826492620584788,0.5444419363226248,1.3495618826776479,-0.13739856358965333,0.10760791921596287,-0.1042474969655468,0.418444861010279,-0.2198282083494071,-0.6747188953396329,1.706409584743013,-0.30509081786334535,1.2488344426040092,0.005946659098436156,0.46358160526175884,-0.17649915464060137,0.9412339269558291,-0.12177681834477422,0.5507774784646672,2.103715588029729,0.10588916633493699,-0.1648225681766735,0.7262260839918419,0.28057283307891673,1.1442545392344197,-0.9710843734721036,-0.6426828804694168,0.2691540956450789,-0.14644786763735665,Conventional CRC
32,1.470158770219875,0.218590148115746,0.9970999210948367,-0.12787532772565108,0.40468004722975776,0.5228317310303158,0.04283218708542241,1.5373715929058607,0.2668638855608864,0.5254161566363874,-0.21483017975992302,-0.907756162370133,-0.7013318025181368,0.3208516108297921,1.6483619646665681,0.36594805645149975,0.831873380579757,-0.5899560821540465,2.1104722528874182,-0.7196538449882809,0.32402952885915964,-0.09564098227679085,0.7296050877577773,0.5458487376229497,1.8424317730475095,-0.44362022102576304,0.39735003422893894,0.4177368676935601,0.8271488190974717,-0.19033633882744097,-0.3287087262277269,1.6792983617123496,-1.4481376028068798,0.24302555984172455,-0.5010261948585247,1.0391523079827039,-0.5541859622712404,1.380400995397988,-0.09564098227679085,0.7756093182912118,1.1574455055334125,0.8041468874321706,0.7716067688710925,2.302940402986657,0.29013361088080436,0.6658022086301495,-0.847950137975604,-0.13801173131541988,0.5927269879899792,0.03859035396319902,Conventional CRC
33,1.0160921938621548,-0.05536450453212129,0.8698458161649313,0.6875629712805758,0.38470379772429775,0.2683579507227166,0.33041842026071605,0.232653494506361,0.649805129673675,0.6174433359501241,0.048519139502807646,-1.088404837710486,-0.39849094872799506,1.2694869373595188,2.0814569857543677,0.5713932646268551,1.5420127220950133,-1.423611845380932,1.9798070525370133,1.5009502067643328,0.36126494196970815,0.048519139502807646,0.8789027779808694,0.7067819469706719,1.4702854836710177,0.18757438385195102,0.9838336488708284,0.4383901857318659,0.9607657798669478,-0.08918070183651225,0.046663893525028415,2.1852092311746865,0.08485882039093236,2.007283457047638,0.24470972185473053,1.3773252371641667,0.49711220206953777,1.1700089805816554,-0.3401047136280677,0.12152988971293592,2.2919312579643276,0.7621395916731402,0.6401182726625463,1.7461200360909583,0.2018024716708087,1.1176578297213153,-0.11317261248983908,-0.33165803040450637,0.2857032617537832,-1.044770075104888,Conventional CRC
34,1.0103953105577106,-0.3867928992768496,1.5221858836598996,0.5938832091978691,-0.028722724516920827,0.41656986006768726,0.2662549785291377,0.37548889167337535,0.5546747626487699,0.5421792559732007,-0.07989263633130277,-0.9911041226267218,-0.7049709561131515,1.0035142918374067,0.8235327635856043,0.5479682781751438,0.6766566818796043,-0.5800544809355731,1.6704956145287098,1.3043183842762853,0.7117267623373097,-0.24681662232904278,-0.7832829259934164,1.7466895021674174,0.0038219489843598063,-0.21672401375836634,0.8284543831108809,0.32995855667768337,0.6615545741464764,0.1278812078948375,0.007365454229275105,2.6201496993114293,-0.02688304086036215,0.6349274638180077,-0.4119562294417061,1.1193766566112242,0.04204357264790764,1.1704218304384009,0.08519004723459656,0.6002528198288762,2.017917960472304,0.48521444059126584,0.6849370306192555,1.7789889296753056,0.38709228519988237,1.2814663938800157,-0.18322392751859656,-0.3077216388820887,0.24215448662365863,-0.741206474173504,Conventional CRC
35,0.7182905011054957,0.4918966828553702,2.0058895099569507,0.997676296367948,0.03870542353228425,0.11150582582788808,0.493265846438261,1.2218468162124272,0.19235145964955114,1.065287314757944,-0.08493677998679262,1.0228325914669294,0.5386608978086525,0.9443895186434663,1.4487942046024753,0.8438267523743757,0.1616298426027459,-0.39940254770929234,2.7376448326518417,1.025156589906979,0.18666767620381913,0.7426932003716117,0.3860965989779286,1.1345422082718435,1.9362826733864889,-0.3374036343747287,0.28059683918669853,0.9239188298158449,0.8113184602878307,0.08008586027084645,-1.2981258824570856,2.4927009081561455,0.01616604679256193,1.6444414083342185,0.778644778073619,1.1400309584045314,-0.23942664084416523,1.2367665445115361,0.07152538913922532,0.6910213239875479,1.9033625529681344,0.9519517065312375,0.8400605117146691,1.2092288441011667,0.2257457326261997,1.876412381746656,0.05197225562770864,0.20548050749258218,-0.9013150142096896,-1.2981258824570856,Conventional CRC
