,302,729,1900,722,971,1529,1927,21,1049,1432,818,779,1162,889,1941,460,1817,996,1399,1531,2126,1620,984,820,1464,1014,1881,440,509,801,1700,1033,1494,1175,2187,959,1882,496,1671,429,1832,520,1899,2097,1854,726,12,2072,1758,838,0
0,0.7924255708249968,3.4310814002018795,-0.9815522616659802,0.11216554338689116,-0.06341130744066846,0.09246921281008269,-0.07644169456668104,2.234063896932461,0.37291647800786165,-0.06773366810659129,0.335101688034725,0.7120533545174815,-1.33147556103007,-0.21841737638387923,-0.3719653288170982,-0.8068373771964575,-1.33147556103007,1.8181303853839794,2.92856267147934,-0.7872197599573748,-0.8791075808008894,0.6463939341493883,-1.33147556103007,-0.9518961900714287,-1.33147556103007,-0.30169438138056154,-0.1352140771341763,-1.0769346341048942,-0.0029812248760777947,-0.4959507873838162,1.472189591264576,2.2338995354800533,2.12920182854682,0.27075765794146556,-0.682090668322219,-0.8737468095166027,0.25127182373700685,1.6356949974579404,0.30849776217951547,-1.33147556103007,0.20938877522901017,-1.024799194393154,-0.03581492770737998,1.6528786100675184,1.3401779422438467,-1.33147556103007,0.24366252232749389,0.9728886887581838,0.25278593011047945,0.08519776230067723,Serrated CRC
1,1.2067439035898497,3.8254004041041285,-0.4791214511272678,-0.18894884798916256,-0.13525066790991971,-0.15125526403788378,-0.1699036541853992,1.4993465659386456,0.2522630360014525,0.1446292021663237,-0.696497047367222,-0.8794209835535612,-0.9900666420329638,0.39212953454001376,-0.07183558393437958,0.4896993497683638,-0.4305512902422227,2.881514040829473,2.958500767419369,0.1379742250660141,-0.19135824442078814,0.23444970467172369,-0.6713994120100742,-0.9783659481734248,-0.28808132497141753,-0.3935077828572274,0.03733602747429205,-0.05925799508556726,-0.5812266055231115,-0.04480408828634515,1.693149280342084,1.7544730384373277,2.328585786204738,1.198100532940523,-0.4791214511272678,-0.19862559459579401,0.1561576642179278,1.3201740365825836,0.30920371511636724,1.2443957556017733,-0.19135824442078814,-0.744420871013674,0.6826433955355382,2.0143722629780707,0.26539418122259956,-0.07183558393437958,0.1211170343051211,-0.008674461545452886,0.1346280888913216,-1.3648502208172986,Serrated CRC
2,1.6393856979547252,2.840413431156634,-0.893394389605356,-0.6606396050596498,-0.47519475093560815,-0.4573117472823076,-0.4608578429521405,2.854817384470224,0.4482648391624822,-0.4398036765124726,-0.19782832961861258,-0.9362296443642928,0.4040431002901533,-0.42605679174579936,0.06101049372103617,0.7426487898152104,0.10365549834739138,-0.11635033115750247,1.741760381435534,-0.03568779087932048,-0.8083952155564944,-1.1336389493632986,-0.6252859926669468,-0.2709635892403562,-0.6339850751928741,0.38876637451505136,-1.1743838294229614,-0.2295449662734946,-1.1743838294229614,-0.3796501652420441,1.0565025115785838,2.2381135623416086,1.8242381804665107,0.3861928612975129,-0.3732262536209242,-0.2486183256833248,0.7526801940155544,2.0685034722600895,0.5038047067177356,1.8363562663015385,-0.5008922983643074,-1.1743838294229614,-0.05513482590987457,0.20081070012857033,1.0413501674084966,-0.8993808264678268,0.11799240633085904,-0.06171912593691613,1.6729013815034708,-0.8469877631016011,Serrated CRC
3,1.4415653444375485,3.428100352410782,-0.8687092728888816,-0.6345666160463522,0.5268571935774835,-1.2896499630098721,0.09131267686552391,1.8388389240419163,0.08314373033853768,-1.2896499630098721,0.1554623017264743,0.22897866971156514,-0.3633833745246915,-0.15648933088182365,-0.7680070197690256,0.6193820494978411,-0.5094092371031281,2.955794252559598,2.793052356133935,-0.23420674468299582,-0.3774637371882486,0.18360763067871907,-1.2896499630098721,-0.24384098154004144,-0.9321792601039979,-0.5931875327757982,-0.2988985025590995,0.03586986018156093,0.10101176144732552,-0.48970728828669047,1.2166454365965855,1.4470922742021064,2.343895244554643,-0.11808060889165703,-0.22468167904836017,-0.3119309806659415,-1.150522167542381,0.9978111071698493,-0.8789603511574838,0.8861993324035718,0.004012565754260542,-0.28098596500235684,-1.1721691489901669,1.7724374320928677,0.5665769286863896,-1.2896499630098721,0.4551247582480043,0.4697620583350057,1.508019068114945,0.6804354234612723,Serrated CRC
4,0.2683056415405924,2.871096439826594,-0.23673529434850388,0.2256935559198576,-0.02587985793125719,-0.06288766021007111,0.09071251956826,1.9659489811758009,0.8300027542044108,0.02112915799249222,-0.9074742853302963,0.9574875931792323,-1.2932373736317546,0.35423953046139134,-1.2932373736317546,0.5289106113892993,-0.700653720683581,1.2701349233759982,3.6562146707795256,0.13026823983012112,-1.2027054975667453,0.28111549242434,-1.2932373736317546,-0.27075909859883307,-1.0996612769457828,-1.2932373736317546,0.017307584374920103,-0.5018359415628261,0.4695903251885589,-1.2932373736317546,1.6060679596619352,1.5183413944315394,2.007289671457271,-0.11705605403990565,-0.5337719088559486,0.23169701077212618,-1.2760586774704636,0.18404575891843136,0.08718610900350698,-0.48801101426551335,-0.04213318235793621,-0.7642682930846749,0.29929092888754844,2.0595744341911213,0.21813033558733402,0.3464124472647966,-0.3401958121699765,0.5744154600452691,1.8625816501747694,-1.1350741862665972,Serrated CRC
5,0.4441864727094819,2.114495788797573,-1.2399167066442651,0.20471034583590145,-0.14966391555011915,0.04059322812709413,0.09207411276608775,2.0571971124017754,1.8213625027821518,-0.2341262090808969,-1.0937444792186615,-0.08985478998507855,-1.1909535896417025,0.925039592448844,-1.0867126740309114,-0.7891035981191551,-0.7940320333181478,2.8775339318887116,2.9117438665018094,-0.6124779846114419,-1.2399167066442651,0.8072466957567522,-0.6830628078686746,-0.32520270493687287,0.09551090980640518,-0.3308804009042294,-0.3747318682453739,-0.8825660284385526,-0.844974646297153,-1.1675019532325102,0.8474392958637874,2.0095285713789943,1.8766790790736285,0.6762429103922781,-0.20665495596945246,-0.7940320333181478,-0.9632041616350647,0.6411523938101632,0.29730048301290724,0.43048569463846825,-0.12701306215127864,-1.2399167066442651,-1.006623933768761,2.095192226391313,0.10911923580445049,-0.7648859054525536,-1.10798712091044,0.3546452299314021,1.0036747855286183,-0.6616800820392246,Serrated CRC
6,0.9822283523098748,2.8227303198856775,-1.390479619701394,0.0609844321089794,0.2970513263189474,-0.703786530008527,0.21765631497706897,0.44195161885927176,-0.6905102917759458,-1.390479619701394,0.6655779492817777,-0.9016773689173401,-1.268422392088179,0.536050880697769,-0.18695342087322633,0.31364588560187023,0.2438063439151772,1.148778593035638,2.7580275685793,-0.34256991200589915,-0.703786530008527,-0.7447897371689706,-1.2932647601908343,-1.2602866756777449,1.1037863350886752,-0.7541519628190412,-0.7082543256213805,-0.5148312823254202,-1.0972228407011653,-0.21553828437213532,1.3865395024334808,0.7488497052775261,1.4923115091640757,1.1346408934410983,-1.0572938600500126,0.27393516233619125,-0.006090570912024332,1.4176787202732073,0.3314181309296526,-1.390479619701394,0.2291873819494517,-0.32163569233024103,-1.104047293326602,1.6566493813211656,1.2837071945371492,-0.06256444308895676,-0.16420113025825234,0.5523939941352565,1.7625093180999631,-0.5633790877855678,Serrated CRC
7,-1.3159585611115898,2.467395787633472,0.3663376776584398,0.020586843565986182,-0.6098604431971932,-1.3670786598120113,-0.04852089309288575,0.5172066669056302,1.7024141077815804,-0.299577117937861,0.0037325255577327684,0.33584801399002906,-1.3670786598120113,-1.0761888467462808,-0.13213795660943517,0.13153593221321744,0.17330423238201478,-0.6098604431971932,4.787020409222217,-1.3670786598120113,-1.3670786598120113,0.43232919224244154,0.03167429241270976,-0.8811994046495859,-0.11297118698589133,0.18050532050635335,-1.33610830140123,-1.1673553809372443,0.4583386103599074,0.34815055248580107,0.03167429241270976,0.5084971060587168,1.1548081465164481,-0.868102306695819,-0.8049654865229655,0.4114304108055677,-1.3670786598120113,0.7878211859519941,0.0775292836918432,-0.09104429058980702,-0.3420333716415473,-0.03081195057127745,1.0845413182758825,0.5924967308020446,-0.28083325115712343,0.4872939367145207,0.5378188898201008,0.6866188504828661,1.5509285203040653,-1.3670786598120113,Conventional CRC
8,0.4284289126258734,3.5120599132849692,-1.2290905846041942,0.317113611014778,0.24601490804442672,0.3836599577950649,0.12266534036599692,0.6255958422239181,-0.2191773800266327,-1.2896727733672813,0.35413302181933376,0.146446048916633,-1.2896727733672813,-0.4146953008531722,-0.49866288953309224,0.5289704607552946,0.8393136454830513,0.4481581589966012,3.356873055791224,0.5307770645886105,0.22200229160049756,-0.7627344705501712,-1.2896727733672813,-0.6500642131814279,-0.3580099800579972,-0.9776540038981347,-1.2896727733672813,-1.2896727733672813,-1.171844930055389,0.009850165156644703,-0.3580099800579972,0.8499910186447313,-1.171844930055389,1.2956162676640324,-1.2896727733672813,0.590405212282297,-1.2389456355542894,0.9279891098991245,0.6723136969487225,0.686395629352462,0.11730604960729579,-1.2896727733672813,-1.2896727733672813,0.018749222034699024,0.7364565057195093,-1.2896727733672813,-0.0901379459849291,0.3476952296731201,1.6293827657831366,0.6255958422239181,Conventional CRC
9,0.7143176871333209,1.8776117006056807,-0.6134806249782508,0.4649021145553868,-0.15778393898236698,-0.7346860394018601,-0.6459062682690786,1.5192913654917746,-0.14092214576482276,0.05042124210539718,-0.26568376655853226,-0.8556692341458996,-1.3311205769449723,0.08406869992027065,0.12927983107135055,-0.4817337655981372,0.4454248026642373,1.2515090158305273,2.510658149471203,-0.9674062483596635,-0.7823535376680543,0.5266517934023823,-0.9478578275300626,0.18643197706146564,-0.4817337655981372,-0.11346034752364391,-1.3311205769449723,0.30730862664514197,-1.0789629270918533,-0.6044136001211355,1.1281132294602172,1.2336798310089196,-0.1778373724404023,0.6281916615326731,-0.47382345262400066,0.5754627212137945,0.3682436634370423,0.7590279599672457,0.038938458592533816,0.05724563236762217,-0.6459062682690786,-0.23755207429859512,0.01791726113466834,1.4886020531065858,1.0385172394194224,-0.5517375386688455,0.11230636509018675,-1.0570357959889825,1.2949992248668405,0.7986113050527386,Conventional CRC
10,-0.25317777356826,2.9981293297177802,-0.29944671119945954,-1.2409924818580722,-0.08167732114224868,0.023019675307065033,0.3119904445940899,0.9340352780871505,0.30616455160469297,-1.2409924818580722,-0.8887019011226256,1.1202971463372329,-1.2409924818580722,-0.4661592447715988,0.8434780522169865,0.7197212471909608,-0.855725173534435,0.5614373760388165,3.9951056422107394,-1.2409924818580722,-0.019688906176229592,-0.7689634471056854,0.2884730729488719,0.21213327149803868,-1.2409924818580722,-0.07010683131890875,-1.2409924818580722,-0.9727657092472239,0.7484882384848083,-1.1144028910735073,2.4710930003447027,0.2056708773854304,-0.40326561233610986,-0.09633806200605345,-0.6677649865552547,0.2904548674705636,-0.868781106538805,0.790683779872354,0.4523066419103672,0.1659615493307461,0.5264124853060684,-1.2409924818580722,-0.02516271270723044,-1.2409924818580722,0.053856047454076475,-0.3792114816827226,-0.9159184708399183,1.1812331223745847,-0.016963588473403093,0.5092017186029915,Conventional CRC
11,-0.05548671361938832,2.878826657709913,0.03680486879548784,0.3778650318294949,0.29818321221780647,0.03189520207908172,0.25975096852818635,1.0510662249642184,0.8382724760267538,-1.3680479151048017,-0.15717934387564447,0.7330051903875285,-1.3680479151048017,0.32789886349849295,0.23194079917617397,0.12128743478634407,1.1336284313219225,0.1008270245798963,4.091880085251478,-0.031602345471088505,-1.2728220716589185,-0.4249772446855374,-0.2737436958100039,-1.3680479151048017,-1.3680479151048017,0.2499073901781804,-0.7642666859507343,-1.3680479151048017,-0.18736638770525926,-0.028983431801583852,-0.6363280675114626,0.5889042552870585,0.07051315495061843,-0.15717934387564447,-0.7320343701593035,-0.005717086392088918,-0.12499422842059141,0.4974759966372742,0.9354925620784754,-0.3251674872056909,-0.36098190034873207,-1.3680479151048017,-0.04214719466770033,1.1767969194814167,0.634357716606028,-1.3680479151048017,-1.0682088745475251,1.0825095064806074,1.8614760396637786,0.7571104643650789,Conventional CRC
12,0.10214053967962529,2.481266099929848,-1.1915892824488017,-1.1651599494622729,-0.1106247838823472,-1.1915892824488017,-0.1322361638952219,2.7220186883945816,-0.29034654775509405,-0.3269825879681235,-0.5944647815543392,0.23303143634414122,-1.0588828981985183,-0.2677907882772614,-0.394029447608865,0.4089803913075567,-0.21527080541903643,0.21652400150719814,3.086725162456918,-1.1063698446928067,-1.1915892824488017,0.22573239759297106,-1.1915892824488017,-0.0638283716976497,-0.7066823065026808,-1.156520970727492,-1.1915892824488017,-0.1628313754868798,-1.1915892824488017,-0.40509095826155106,2.562184424567044,0.720849851396659,2.2373228628300748,0.6919527364403826,0.10003423194680637,-0.733059656964444,1.3604009953793317,0.3954441424781731,0.10003423194680637,0.10424189737458599,-1.13109383478846,-0.31348606959158837,1.1140973636842526,0.2790758883832465,1.1610109982441135,0.41936870982660396,0.1311194253939953,0.9709370616026541,0.8663204285529027,0.8269816280048508,Conventional CRC
13,0.735551629042809,2.7666900393973988,-0.6552085741497586,-0.2730556258808277,-0.39847061162041575,-0.5711568009102188,-1.099457063061346,1.1392789011019622,0.36352148089240655,-1.1645142750709698,-0.9641327093582892,0.8340544267565069,-1.3023432545508031,-0.7296861346305924,-0.5301447707265415,0.552276525664913,-0.10758191489626691,0.8325129501270837,1.738751748825068,-0.8734332110214674,-0.34083491979013314,0.26618939008439313,-0.21267002026438894,-0.3496874713686463,-1.2107286628447231,-0.5085566998500418,-0.46691075873249477,-1.3023432545508031,-0.256898041694173,-0.20007481714501268,1.4425479765571847,1.3517646576253841,1.1981761394060049,0.2423408441660521,-0.0016861475205846917,-0.5826826204273557,-0.11436087258044733,0.1926074402263398,0.06365604088171083,1.0017762074249092,-0.5597803483047517,-0.33207074764027283,0.11578649928298482,1.88309680521419,0.7320988394893299,0.8232068140696908,-0.4142885280141429,0.4746363820253325,1.4297491057787421,-1.3023432545508031,Conventional CRC
14,-0.5375448107069135,2.8144993945401007,-0.060537693215247095,0.4987393167181416,0.023716444926625942,-0.13762004992069432,0.23047784284665643,0.6252224271573829,-1.069399038155903,-0.8775481171199874,-1.346278905968802,0.7521569376201209,-1.346278905968802,-0.2440152762280846,-0.22439578699351656,-0.1525722318172333,0.2940717715835881,0.19709257151543585,4.259406817010374,-1.346278905968802,-1.346278905968802,-0.6063508387695092,-0.9826233003918111,-1.346278905968802,0.6127126792562255,-0.07436997963679438,-1.346278905968802,-0.30179620879321434,-0.012272217097241434,-0.14357404858895892,0.6085076476931371,0.5356802751059777,1.437327307875913,0.5943614265157925,-0.04689463712662727,0.3206677971810886,-0.3088194197088449,0.7821078923222228,0.8349721398107334,0.013565803948406438,0.37182218132770883,-1.346278905968802,1.235226637785728,0.3556640843869532,0.9814838054398856,0.12904407586725974,0.13357722842978384,0.8516218057853931,2.121228157257847,0.8776962805850737,Conventional CRC
15,1.4518297315882884,2.5194518766892124,-0.9827494968526358,-0.052548387711698744,-0.5259686339133038,-0.325174109172696,0.4863575632021707,0.44901720529531025,0.46563025500061594,-1.257452945457143,-0.7429791705884315,0.4848921250892081,-1.257452945457143,-1.257452945457143,-0.2977674083608228,0.4878207164190949,0.2953986707839726,-0.6649331698459443,2.5543779693308535,-0.6402962490291045,-0.43572677480582217,-1.257452945457143,-0.03707639765224973,-0.6021747533490743,-1.2206398819614035,-1.0040020156036904,-1.257452945457143,-0.039637416741419726,-0.9757709311972903,0.17696129604894675,2.495653826956932,0.0005232679793680767,1.8429888155382395,0.3712177859531451,-0.3498295219030076,-1.257452945457143,-1.055546649638412,1.4078912015783709,0.6312545272206331,0.3778161454280868,-1.257452945457143,-1.257452945457143,-1.1020989738505083,-1.257452945457143,1.5387634346739458,-0.27772509208348223,-0.9416357944854605,1.3265702369627252,0.8437066936956671,0.47159919588128363,Conventional CRC
16,1.4470077722082753,2.4237710288893037,-0.9639254361767666,-0.11510584768652046,-0.4240228072970162,0.21170726957208774,-1.3685251809220873,0.9402172649789989,0.43458324545039245,-0.5639202260653325,0.1709211811840938,-0.7920682824499473,-1.3685251809220873,-1.1899052423675691,-1.3685251809220873,0.39547582255046426,0.22719597663334873,2.340076622979271,2.5278048979572043,-1.3685251809220873,0.4194136720792188,-0.9049723228678109,-0.07655869830778854,-0.14002873820083378,-1.3685251809220873,-1.3685251809220873,-0.4876956652577482,-0.5799384867541513,0.20997039171394835,-1.3685251809220873,0.3854385147767365,1.0306140837245592,2.0296438671614085,0.006939784737020178,-1.3685251809220873,0.07561090065886927,-0.39043335265556967,1.0949738359609784,-1.3685251809220873,-0.06018045816802528,-0.03953480281489591,-1.3685251809220873,0.7498730205936991,1.208791051636097,0.42357524307693895,-0.8549105140288749,-1.3685251809220873,-1.0873135410074906,1.079980789125796,0.10523545735233779,Conventional CRC
17,0.6253874130750265,1.5436345229855195,0.4938109125263348,-0.4126886189768132,-0.040813751800077396,-1.3141368421928137,-0.20112656834070788,0.39538899347432666,0.3721303857994859,-0.16518930905319557,0.11388716015072145,0.6732690167276165,-1.3141368421928137,-0.20112656834070788,0.17972596928576204,0.5603137198932671,0.3872484658327536,1.095568535836907,3.5127306078850062,-0.3611958051521411,-0.4779235873465866,0.4087951783907918,-0.2719268947899048,0.1728358474773492,-1.3141368421928137,-1.2201210988293698,-0.6500412336094136,-0.5068699805204484,-1.3141368421928137,-1.3141368421928137,1.677421099505806,0.8703169536085074,1.583877151836627,-0.809990744336139,-0.7946779852293747,0.026731050853049745,-0.9794030461687716,1.2151654129365475,0.4034566206670514,0.4376048094608828,0.17800837301603625,0.04484989807080494,-0.2833305781542763,1.3544247796709281,0.7593123284144319,0.6722763129976416,-0.6807310761891798,0.6702876166031407,1.0178024695600736,-0.35807317129672234,Conventional CRC
18,1.837069950406464,3.7398100327721484,-0.1847156638151973,-1.2494484877259753,0.07544306862243873,-1.0633728191546339,-0.2403214215734132,1.9942155819067393,-0.07716938259336903,0.2732847401896391,0.4977707329491869,-0.605523117158068,-1.2494484877259753,-0.4459516577222932,-0.32696557670074317,0.5991062926887106,0.09566424987451096,-0.6293349600396655,3.1352518524306787,-1.2494484877259753,0.18262587977406716,-0.10981530696765425,-0.41475693808829944,0.009583892426712287,-0.26941459137611046,-1.2494484877259753,-1.2494484877259753,0.05245039062752241,-0.9279327328364102,-0.1436414566908229,1.7031360416189147,0.9544204741614561,0.9392046117201501,0.8843903923523933,0.27144451380512863,-0.4782222663545425,0.5374152966223887,2.4456049257351586,-0.04046840772580741,0.02887849151603999,-0.11258791608673366,-1.2494484877259753,-1.2494484877259753,0.093438910405081,0.8281986523056665,-0.05602147907752132,0.48172465904412887,0.35424634628692725,1.580118762953115,-1.0331845587291382,Conventional CRC
19,-0.7215830851002154,2.2523043139962473,0.1680788932661197,0.4732876402509514,0.14515198296660672,-0.7126394471732148,-0.3098839675232364,0.9181116044114191,-0.6906460567792608,-1.4138353259423149,0.2287942803845017,-0.5093425394928233,-1.4138353259423149,-1.2348285390169258,0.0131013219510624,-0.09110615742829943,1.0049031754061852,1.1798019809614062,3.168916589545337,-0.7866935522880784,0.21729190755281597,-0.5723415911134943,-0.6606958005419649,-0.18267825165140816,-0.059499693425526204,-1.2426217356633416,-0.5347735870732968,-0.984279152639099,-0.5057651076248544,-0.1676125568815265,1.0365248454831113,0.7734832119190868,2.106787662467332,-0.6564941164020205,-0.5421679153958573,-1.4138353259423149,-1.4138353259423149,0.2980371825957918,0.7091508230318821,0.0131013219510624,-0.4810975578022096,-0.17762945034050973,-1.2663970526005663,1.8348624908021978,0.6432415725216267,0.4857921507151363,-0.3274372799492363,0.8731558476131104,1.6977502158237445,0.6411383806409574,Conventional CRC
20,-0.1454303080067113,2.857867800907528,0.33988808789147146,0.17011066605975067,-1.4212472882972396,-0.006616915619058899,-0.2514284553289465,0.4445401837875788,-0.46251690895020314,-0.07832068849482467,0.45426914747305064,-0.8921763514198429,-1.4212472882972396,-0.02234883219955588,-0.24284845182437997,-0.038341407055085514,0.2854486238724887,-0.7050966691873018,4.035935182923275,0.3780449953846432,0.19213239873459304,-0.05930048512293481,-0.8646746603929966,-0.6130990835738562,-1.4212472882972396,-0.3608182960930256,-1.0363310048015286,-0.5883478799197299,-0.33541567055061855,-1.4212472882972396,2.34647270266658,-0.1125354526128014,2.9721174625343076,0.2771774158986202,0.004465227617323653,0.2936495568590595,-1.4212472882972396,1.1424939474481814,0.5676511703257191,-1.2293076768148934,-0.1326454314539136,-0.39021886563603914,-0.3836075787412373,-0.2092713598206645,0.6920738937354677,0.7271003360977129,0.0022589545741467567,1.0966865682757456,1.8219999000374667,0.6790151504000852,Conventional CRC
21,-0.8231187024003961,1.954330119255485,0.10037893010030474,-0.9882455355902455,-0.5479583017408043,-1.3531203523253879,0.19545764703574334,1.1963475261438588,0.5411632300582956,-0.9319667250823414,1.1104342638483513,1.120914798605234,-1.3531203523253879,-1.3531203523253879,0.2119290414198809,-0.48153776289693917,-1.097382699045782,2.203298035476797,3.567501703971298,1.2745207036102613,-1.3531203523253879,0.727829964428217,0.2352264445344018,0.31171401564674533,0.4843873534418424,-1.3531203523253879,0.22633359755333124,-1.3531203523253879,-1.097382699045782,-0.48911445381207824,-0.2877205630820813,0.5739113252351303,1.3472777646408869,1.2414551608142066,-0.706172102343964,-1.297934958720106,-0.9319667250823414,0.504581749897645,1.6392307202796912,0.36102745544454873,0.16544860023020702,-1.3531203523253879,-0.04731676221590657,0.1597144880254866,0.7730354835405417,0.16925214420563356,-0.06416490417240281,1.5266751080520933,0.609149973147592,0.28353979074068275,Conventional CRC
22,0.548501826088867,3.8290413800535235,-0.4669434215072879,-0.04693644024123808,0.0354826925649926,-0.6419662025736262,-0.40574778832382147,0.7433312403808853,-1.3616462793798554,-0.1857193421016902,0.4656840319519277,0.4740210565751783,-0.5940391620701443,1.7485319381261053,-1.3616462793798554,0.2038860837957762,0.12140231424346601,-0.054138019970825825,4.00465848825801,-0.002549796966455362,0.1193964039093475,0.0699409058787886,-0.5323455931194785,-0.9757228857590973,-1.3521755126529122,-0.33197957340694484,-0.20811576844938642,-0.41626506891790654,-0.35483703294264063,-0.14509564298559113,1.3696529569187197,0.9580109554558326,1.8007373232033024,0.8146118724570114,-0.5204726218762584,0.2557342471561866,-0.8454597407785587,1.4388772012630844,-0.16113766686782283,0.13926777680061,0.15487147378014293,0.08045818647287367,0.683083974124411,0.8636264824726446,1.1703999251964177,-0.11894553127596708,-1.3616462793798554,0.0528677275456374,1.8869813425345066,0.8627073083985536,Conventional CRC
23,0.8798546910053063,3.313937142151665,-0.48447874008379893,0.3706656454866632,-0.04869331016298642,-0.47389563973661836,-0.47039474951565424,1.3555993408496476,0.4678589806843498,-1.365922260227846,0.27456373086130303,0.37905191680680633,-1.365922260227846,0.35936402222668556,-0.07335411880804256,1.1760452742514098,0.21668864818002342,3.034486299462914,3.165852867680445,-0.21555557373157236,0.5206568744843054,0.1352146510754569,-0.5169766262199924,-0.5777382372096332,-1.365922260227846,-1.0959393768681278,0.0982364147525538,-0.44966391111009907,-1.365922260227846,-0.6727533337849466,1.4163109475256104,2.0383907739819325,1.166021385476575,-0.9796688943796314,0.2976462560961858,-0.2701563294753554,-0.13927383240182856,0.5407244848255222,1.0093801575954269,1.779586538042029,-0.491602199628576,0.1982551225155605,-0.07562904812388731,1.7719335703939245,0.1965609371335199,0.3319543651426535,0.340698349891071,1.5776190019181573,1.171930972930657,0.7030560511663032,Conventional CRC
24,-1.320027815105437,2.1904442883964212,-0.17510235809108865,-0.5753949185354715,-1.146726978688401,-0.6488695427775631,0.0596569643164554,0.8145477330270687,0.7158406714038902,-1.3027695952055172,-0.5753949185354715,-0.7652437046274215,1.074809223179678,0.6814570555800202,0.23421837563118947,-0.4906469073577985,-1.0330357692112615,0.7681797967563699,3.5368317275912524,0.3126093101151847,0.27429493679125916,1.1603565999932601,-0.13168913428547643,-1.320027815105437,-1.2290768482559946,-0.08398255831343339,-0.6817606775699205,-1.0330357692112615,-1.320027815105437,-1.320027815105437,1.0412306749578675,1.212417276815062,2.6287785644008186,0.8564236037016256,-0.8126201307789361,-0.09459793509325273,-1.320027815105437,0.12679568386504164,0.09987426539321198,-0.23573261522472785,2.0361619985270067,0.903203978968709,0.695373704637028,1.2745137378506926,1.1764032973689689,-0.022870265454928547,-1.320027815105437,0.47462278044644685,0.7626059251944761,-0.8423336321450278,Conventional CRC
25,0.9445717413095259,2.972912108354886,-0.6176986070935386,-0.4586578354977516,0.4979971479508681,-1.1679562835999058,-0.10821148018748487,1.106103807223696,-0.09733647790754249,0.3856735292915624,0.05623411065291967,0.5584111134455186,0.10279633713943169,0.04015869581971595,-0.15885469944483893,-0.15021252653702244,0.38251847137316436,1.7317071065289602,3.755094093953345,-0.8669960217721856,-0.06809453563472104,0.6002573151838985,-0.41907359154845963,-1.1679562835999058,-1.0429451053448273,0.16133316023623595,0.945414377271738,0.08534294519889331,0.6520023284996544,-0.05769374462770377,2.038343956314341,1.084017303790858,1.921030514963331,0.4882215540039752,0.021425907820128834,0.3649638714824913,0.5413733039493845,1.0343330190266866,-0.9471503282135098,0.8862263112930783,0.05623411065291967,-0.9196263741699665,0.5571119731532199,0.7249452536934594,1.731357367128303,0.17538778261785415,0.24988943647389852,1.158050261813875,-1.1679562835999058,-1.0199105811203046,Conventional CRC
26,1.5846501271362112,2.643994627414443,-0.1861341211479605,0.24299376062972253,-1.2812742871532146,0.0608413986172998,0.07716351271907174,0.9047584305821517,-1.2812742871532146,0.589851843969357,0.020855338798954178,0.5144701165864483,0.25967660469437215,0.10307526210273023,-0.00312772539788283,0.023004457097821545,-0.944692383350574,0.08721747656617179,2.154434336441844,0.5677709510760073,-0.5267811902795713,-0.05776857934956722,0.474940357140162,0.12826637597934296,-1.2812742871532146,-0.7900082864297933,-0.07434674107487314,0.056714499208013705,-0.14129382181086536,-0.1997562250491117,-1.2633360210414428,1.1448514919951185,2.4226034328323336,0.7963393811044676,-0.5629397622339387,-1.2812742871532146,0.4578358734510282,1.8264859557012019,0.15463401697909737,0.40449478874295286,-0.1621189422948386,-1.2812742871532146,-0.22763081931147064,-0.3848955835052322,1.4709899289585862,1.0428889225298752,-0.20250540086904595,-0.5228512365256346,2.030144307588813,0.7580647887822299,Conventional CRC
27,0.77019452140124,1.8960164359055498,-0.26670160551395067,0.4519942113974948,-0.2478855186888578,-1.3283875160296152,-0.12001819872789095,1.1036531255658584,-0.635860027143515,-1.357122636002409,-0.3187345789474309,-0.08262381433498227,-1.357122636002409,0.06084679774087284,0.0074066177634885735,-0.9760051453345806,0.3943809378017065,1.1113562883774608,3.294934050775634,-0.6498478096728209,0.39116726778370087,0.7312817286391068,0.019276534781799765,0.33654792353944185,-1.0872273520525315,-0.48600489166620586,-0.9825959105255462,-1.155877098701703,-0.22335086339133994,-1.357122636002409,1.3722351263963566,0.5049525819355851,1.556588034431482,0.8395870546546417,-0.7382845798414687,0.39116726778370087,-1.357122636002409,0.20940920130174537,0.3159000513065642,0.30364977430337625,1.2663495082737648,-0.5265163414749662,0.36672002534567866,1.4045464157803673,1.6709271488885908,-0.7382845798414687,-0.08524765964002196,0.1596473598425986,2.318962332559888,1.092765109162816,Conventional CRC
28,1.4469827925549663,3.351629280062718,-1.2100948946042367,-0.9200651542610722,-0.48790852938599005,-0.5083284512878812,-0.9948649627358018,2.0549911442436373,-0.3671615727090947,0.2246475261367653,-0.6959392486180903,-0.1107620012770712,-1.2100948946042367,-0.007953171628292413,-0.2420767424888667,1.4558869085639443,0.4472831875418111,3.020544656664484,3.8527236085903054,0.3347668420888394,0.2605279689653446,-0.4031855753955457,-0.38499344186142587,-0.41800862583983833,-1.2100948946042367,-0.38499344186142587,-0.4960210161062239,-0.07943780054004246,-1.1000403638743026,0.09494295812805482,2.1123422803997407,1.130233738501751,1.6257969120482878,1.2916167278380943,-0.39222625205965955,0.6102681984843306,-1.2100948946042367,0.07571489768815516,-1.0384450788143618,0.45864586200421864,-0.6808047753394602,0.16994187091769422,0.3912614613709748,1.288252539451403,0.563765694343241,0.19487688183005017,-1.2100948946042367,0.8696182660082561,2.0890998568332146,1.2932941205074189,Conventional CRC
29,0.456233661890905,3.045113335823746,-0.33906650571563157,-0.324951925667525,-0.6112083562430217,-1.0362658314003517,-1.2864895270178889,1.6129766541112676,-0.0018231901773402687,-0.3858512161201938,0.3017147999810096,0.36184453280929374,0.5236925773743747,-0.3193701486110908,-0.2171782528357023,-1.295070509253846,-0.30283836566562733,0.9035240913145935,2.30391503619188,0.5142215433760043,0.09287912969568483,0.1624370205814702,-1.1095624143076268,-0.025237703348811934,-1.295070509253846,-0.5187879261262857,-0.4546282093264669,0.39162757694569794,0.13823389088952495,-0.38285162478940743,1.2961205920181258,1.0116606172181577,1.785896838351882,0.6289796668060414,-0.1667883613122384,-0.057480022937532585,-0.09955576274785613,1.7737023255220332,-1.2529947694435224,-0.06366199621730181,-0.3221565210823531,-1.1450563785899261,0.12004300067345684,1.204214368933311,1.603154772997998,-0.6718221691316154,0.11164583958940782,-0.1880245491811245,1.3247011557413535,0.03214809240189472,Conventional CRC
30,-0.2087617829943648,3.14408408552797,0.2007338181839816,-0.6302323220806199,0.44715440229040404,-0.3521686522655714,0.1778180763744369,0.4676055444011636,0.01224125441637379,-1.4679908341053507,-0.22019745410351127,0.37526913088217106,-1.4679908341053507,-0.463076281650513,-0.3104035722379791,-0.14810016105307075,0.3925621197190635,-0.5392050223533251,4.43761598854507,-1.4679908341053507,-0.15615881101449303,-0.925335552948173,-0.43774302176947877,-1.075709475881741,0.4559704094322272,-0.8633060426875327,-1.0689713336836033,-0.6302323220806199,-1.2131932027562589,-0.6345733718502697,0.857774341137224,0.3248621783880842,1.4892438955005274,-0.8310254910404375,-1.0424635500864918,-0.8152675222197004,0.1262901208974979,0.5414488470774788,1.060879004863163,0.14242934734930185,-1.44817612104558,-0.8048984109117863,0.9547435249157123,0.7951526592349517,1.6505328867191207,-1.4679908341053507,0.56139522820153,0.8409901533335756,1.3598634928324913,0.6459330535426495,Conventional CRC
31,-1.20174220839421,2.6420883706248994,-0.40526344865709085,-0.627080374703036,-1.0601650500611337,-0.14644786763735665,-0.5076961194692371,1.574609161885971,0.4172261093893342,-0.22229730402808207,-0.9598429506047462,0.25904312025422493,0.49097102231826883,0.03617653962022578,-0.7079308021963995,0.2705893426763859,0.3002153414245489,0.030584825084519148,2.71415960824467,-1.3964014222249277,-0.22725579804379697,0.34357323459289196,-0.8446105908882974,-1.1049406869957794,-0.37549356309739773,0.12293153314507342,-0.03935818110329849,0.08851967193830473,0.04541995898528408,-0.7037120398787428,0.320798250866082,1.6665175431546344,2.1501698956508006,0.6351106611570099,-0.9215625586002756,0.4377249065631522,-0.0934616375760628,-0.07226809532555928,0.22500275918270551,-0.23474485772458534,0.6615612308028868,-1.3964014222249277,-0.5744974492225049,1.7588505195729212,0.5507774784646672,-0.08492456606124467,-0.2601657122660572,0.24144276842397977,1.9545542207493676,-0.00955561170093965,Conventional CRC
32,-0.09077503688403042,2.4491801131014417,-0.2399548318787041,-0.257071413045922,-0.8168106838496998,0.10830715372752203,-0.22313337967529961,1.7226148102004681,0.939742175262818,-0.004874298399604568,0.23436871451999833,-0.9536761715865111,-1.4481376028068798,-1.4481376028068798,-0.2657436484266933,0.5806073279882538,-1.162603249342491,0.75134394108787,2.9050718112106204,-0.0787153026263185,-0.5196810664595316,-1.1553495354097743,-0.9362019118680208,-1.141001922602512,-1.0525576999372153,-1.4481376028068798,-1.2149479143793949,-0.6021769528591274,-0.24562705798806897,-0.7718892925418355,0.6488932918227927,1.2151215093739531,0.12595704392341575,1.145899570540626,-0.22035778678689605,-0.013804521834493932,0.17151956799553852,1.894229479659844,0.29341300943660326,0.9688425026938677,0.09636063628566657,-0.5699221116764801,0.27856812284437454,1.0399142132851886,-0.9021652010202131,-1.3033360652397976,-1.2949615921337607,-1.4481376028068798,1.2296502735498238,-0.7621815499072255,Conventional CRC
33,-0.7547951794347442,2.281211684241718,-0.19396383904950265,-1.423611845380932,-1.423611845380932,0.05037064962200545,-0.026762555858211412,0.7748427998916133,-0.24098946137511593,-1.423611845380932,-0.2825456529264629,0.21735739780490212,-0.37763132005301525,-0.07635341188285807,-1.4054078010902356,0.3097287052902299,0.12494727001456991,0.1891662011429183,3.778940090969937,-0.05744196113700188,0.503913274951953,-0.9358189832668884,-0.9144395496628996,0.3519859600471734,0.7220511420495026,-1.423611845380932,0.08841501112826329,-1.0820430534981227,-0.022748251240877707,-1.423611845380932,1.6451622307312739,1.3357867155930911,3.008585954339589,0.10075444752468597,-1.423611845380932,-0.004897705957621712,-1.423611845380932,-0.2233831245094814,0.8622295818710339,0.30272734501973236,1.0109022056921289,-1.0508782312855383,-1.2333090602634456,1.5232024428344138,-0.18436297687691292,-0.8144198876559325,-1.240813380646736,0.469393291719175,2.2141285908317077,0.8789027779808694,Conventional CRC
34,-1.4247906723308568,1.7756184192716118,-0.44371283994377536,-0.5045343594402028,-0.8883714601991818,-0.17450005465559623,-1.2056660822692993,1.0673613712460581,-1.2930461107234656,-0.9965665822954147,0.5066291326585527,0.322551167733036,0.43204603901980154,0.36491454824076397,-0.3923234274924808,-0.607904512309123,0.25428652379703487,1.402097059671419,3.6670596522933154,-1.132485212264548,0.4132181369324216,-1.0473030727192987,0.031781644230935165,-0.34637710539606226,-1.4247906723308568,-0.2682641685820026,-0.4091248173521531,-0.07599944178563535,-1.1518528230138758,-1.007593394030879,1.177074461562396,1.541548876808129,2.2839988481246727,0.1278812078948375,-1.4247906723308568,-0.4063024085080205,-1.4247906723308568,0.4944554983132786,0.31757834298006415,-1.4247906723308568,0.09164568983448493,0.09645679579891152,0.37782173697310334,1.7160123729773205,-0.4705680720719274,-1.4247906723308568,-0.5268462289436467,0.29100389176222213,2.1777640315161286,0.12633613026473714,Conventional CRC
35,0.03870542353228425,2.6361466597027907,0.11356334540003522,-0.8365323287587519,-1.2981258824570856,-1.0824790438043634,0.03647582886827292,1.1290209801822932,1.5607136022585162,-0.3014484574248732,-1.2349946244062637,0.5643673397198192,-1.2981258824570856,-0.12122798633763084,0.32914493580120163,-0.18127169704722976,0.5255371256286396,0.6652097555815518,3.5045975240825493,0.38916091969045075,-0.11595630609888143,0.585674433598182,-0.5414592081931816,0.29762440667719586,-1.2981258824570856,-0.35082954675738726,-0.7393606341108696,-1.2981258824570856,-1.1516280676903203,-1.2796483516650243,-0.19261633288164792,1.4849367875644093,0.09488026683450523,0.4905255071862156,-1.2981258824570856,-0.9074336249546123,-0.1954741757724701,0.588149460746587,-0.06481557327448265,0.2073410961428471,-1.2981258824570856,-0.3340771254340575,-0.964385288131339,1.767093232725879,0.918730207799539,-0.09516246949101206,-0.3474549146117948,0.38763001696895,0.8797722420763839,-0.5008839099395528,Conventional CRC
